Meeting,No.,Ag. Items,Ag. Items.1,Ag. Items.2,Title,Submitted By,Submitted By.1,Submitted By.2,Submitted By.3,Submitted By.4,Submitted By.5,Submitted By.6,Submitted By.7,Submitted By.8,Submitted By.9,Submitted By.10,Submitted By.11,Submitted By.12,Submitted By.13,E,S,F,R,Attachments
ATCM XLV - CEP XXV (2023),IP001,CEP 5,,,Report by the CEP Observer to the XXXVII SCAR Delegates’ Meeting,France,,,,,,,,,,,,,,X,X,X,X,
ATCM XLV - CEP XXV (2023),IP002,ATCM 4,,,Report by the CCAMLR Observer to the Forty Fifth Antarctic Treaty Consultative Meeting,CCAMLR,,,,,,,,,,,,,,X,X,X,X,
ATCM XLV - CEP XXV (2023),IP003 rev. 1,ATCM 4,,,"Report by the United Kingdom as Depositary Government for the Convention for the Conservation of Antarctic Seals (CCAS) in Accordance with Recommendation XIII-2, Paragraph 2(d) 2021/22",United Kingdom,,,,,,,,,,,,,,X,X,X,X,
ATCM XLV - CEP XXV (2023),IP004,ATCM 4,,,Report of the Depositary Government of the Antarctic Treaty and its Protocol in accordance with Recommendation XIII-2,United States,,,,,,,,,,,,,,X,X,X,X,"1. Antarctic Treaty Status Table
2. Environmental Protocol Status Table
3. Annex V Status Table
4. Annex VI Status Table
5. Amendment of Annex II Status Table
6. List of Recommendations/Measures and their approvals
"
ATCM XLV - CEP XXV (2023),IP005,ATCM 6a,,,Republic of Belarus in the System of the Antarctic Treaty. Justification of the status of the Consultative Party of the Antarctic Treaty,Belarus,,,,,,,,,,,,,,X,X,X,X,
ATCM XLV - CEP XXV (2023),IP006,CEP 5,,,Report by the SC-CAMLR Observer to the CEP,CCAMLR,,,,,,,,,,,,,,X,,,,
ATCM XLV - CEP XXV (2023),IP007,ATCM 4,CEP 5,,The Council of Managers of National Antarctic Programs (COMNAP) Annual Report 2022/23,COMNAP,,,,,,,,,,,,,,X,X,X,X,
ATCM XLV - CEP XXV (2023),IP008,ATCM 6c,,,Preliminary Survey Responses Regarding Implementation of IMO Polar Code. National Antarctic Programme vessels,COMNAP,,,,,,,,,,,,,,X,,,,
ATCM XLV - CEP XXV (2023),IP009,CEP 10a,,,Topic Summary: CEP Discussions on Ship Biofouling and Ballast Water Management ,Australia,New Zealand,United Kingdom,,,,,,,,,,,,X,,,,
ATCM XLV - CEP XXV (2023),IP010 rev. 1,ATCM 4,CEP 5,,The Scientific Committee on Antarctic Research Annual Report 2023 to the XLV Antarctic Treaty Consultative Meeting,SCAR,,,,,,,,,,,,,,X,X,X,X,"SCAR Annual Report 2023 Infographic
"
ATCM XLV - CEP XXV (2023),IP011,ATCM 17,,,"Workshop “The future of Antarctic tourism: towards a strategic vision and policy program”, 8-10 March 2023, Paris - Chair’s report
",France,Netherlands,,,,,,,,,,,,,X,,,,
ATCM XLV - CEP XXV (2023),IP012,ATCM 15,ATCM 6b,,Update on Canada’s Engagement in the Antarctic,Canada,,,,,,,,,,,,,,X,X,X,X,
ATCM XLV - CEP XXV (2023),IP013,ATCM 4,,,Report of the Depositary Government for the Agreement on the Conservation of Albatrosses and Petrels (ACAP),Australia,,,,,,,,,,,,,,X,X,X,X,
ATCM XLV - CEP XXV (2023),IP014,ATCM 4,,,Report of the Depositary Government for the Convention on the Conservation of Antarctic Marine Living Resources (CCAMLR),Australia,,,,,,,,,,,,,,X,X,X,X,
ATCM XLV - CEP XXV (2023),IP015,ATCM 13,ATCM 16,ATCM 4,"Report by the International Hydrographic Organization (IHO)
",IHO,,,,,,,,,,,,,,X,X,X,X,
ATCM XLV - CEP XXV (2023),IP016,ATCM 4,CEP 5,,Annual Report of the World Meteorological Organization (WMO),WMO,,,,,,,,,,,,,,X,X,X,X,
ATCM XLV - CEP XXV (2023),IP017,ATCM 15,,,Gender Perspective and Actions in the Antarctic Scientific Expedition of the Chilean Antarctic Institute,Chile,,,,,,,,,,,,,,X,X,X,X,
ATCM XLV - CEP XXV (2023),IP018,ATCM 13,,,Presence of SARS-CoV-2 in waste water in Antarctica and risk assessment.,Chile,,,,,,,,,,,,,,X,X,X,X,
ATCM XLV - CEP XXV (2023),IP019,ATCM 13,,,"Intervention on the runway of the ""Teniente Marsh"" airfield of the ""Presidente Frei"" Antarctic Air Base",Chile,,,,,,,,,,,,,,X,X,X,X,
ATCM XLV - CEP XXV (2023),IP020,ATCM 13,CEP 13,,"Renewal of the Norwegian Troll Research Station, Dronning Maud Land",Norway,,,,,,,,,,,,,,X,,,,
ATCM XLV - CEP XXV (2023),IP021 rev. 1,ATCM 13,,,Report on the Deaths of Four U.S. Citizen Tourists in Three Incidents,United States,Netherlands,Norway,Portugal,,,,,,,,,,,X,X,X,X,
ATCM XLV - CEP XXV (2023),IP022,CEP 9e,,,Contributions to the promotion and awareness of the care of palaeontological heritage in the Antarctic region,Argentina,,,,,,,,,,,,,,X,X,X,X,"Folleto (Brochure)
"
ATCM XLV - CEP XXV (2023),IP023 rev. 1,ATCM 13,CEP 10a,,Need for Rapid Detection of Avian Influenza Virus in Antarctic Wildlife,Korea (ROK),,,,,,,,,,,,,,X,,,,"AIV Ag Rapid Kit 2.0 manufacturer manual
"
ATCM XLV - CEP XXV (2023),IP024,ATCM 15,,,Scientific and Science-related Cooperation with the Antarctic Community and Responses to COVID-19,Korea (ROK),,,,,,,,,,,,,,X,,,,
ATCM XLV - CEP XXV (2023),IP025,ATCM 6d,CEP 7a,,Logistical Challenges due to Changing Environmental Conditions: Experiences from the Korean Antarctic Program 2022-23,Korea (ROK),,,,,,,,,,,,,,X,,,,
ATCM XLV - CEP XXV (2023),IP026,ATCM 15,,,First inventory of unintentional persistent organic pollutants emission in Antarctica,Belarus,,,,,,,,,,,,,,X,,,X,
ATCM XLV - CEP XXV (2023),IP027,CEP 8b,,,The retrospective modeling as an approach to cumulative impacts assessment due to operation of scientific stations in the Antarctic ,Belarus,,,,,,,,,,,,,,X,,,X,
ATCM XLV - CEP XXV (2023),IP028,ATCM 15,CEP 13,,Further Plans of the Year of Polar Prediction in the Southern Hemisphere (YOPP-SH) and Completion of the Polar Prediction Project,WMO,,,,,,,,,,,,,,X,,,,
ATCM XLV - CEP XXV (2023),IP029,ATCM 15,,,The 4th Basic Plan for the Promotion of Research Activities in Antarctica of the Republic of Korea (2022-2026),Korea (ROK),,,,,,,,,,,,,,X,,,,
ATCM XLV - CEP XXV (2023),IP030,ATCM 13,CEP 8b,,"Report on the Replacement of the Cape Shirreff Field Camp, Livingston Island, Antarctica",United States,,,,,,,,,,,,,,X,,,,
ATCM XLV - CEP XXV (2023),IP031 rev. 1,ATCM 15,,,ASPAs 152/153: Western Bransfield Strait and Dallmann Bay: Highlights of Scientific Research Results,United States,,,,,,,,,,,,,,X,,,,
ATCM XLV - CEP XXV (2023),IP032,CEP 11,,,Mercury in Antarctic marine ecosystems,Portugal,Bulgaria,France,Germany,Japan,United Kingdom,,,,,,,,,X,,,,
ATCM XLV - CEP XXV (2023),IP033,ATCM 15,CEP 10c,,Scientific use of Remotely Piloted Aircraft Systems (RPAS) in Antarctica: a review,Portugal,Germany,United Kingdom,,,,,,,,,,,,X,,,,
ATCM XLV - CEP XXV (2023),IP034,ATCM 11,CEP 13,,Topics and target audiences on education and outreach activities by the Antarctic Treaty Parties: a review,Portugal,Belgium,Bulgaria,Chile,Spain,United Kingdom,WMO,,,,,,,,X,,,,
ATCM XLV - CEP XXV (2023),IP035,CEP 13,,,"Conclusions of the UN Ocean Conference 2022 in Lisbon, Portugal",Portugal,France,Sweden,WMO,,,,,,,,,,,X,,,,
ATCM XLV - CEP XXV (2023),IP036,ATCM 11,,,Report of the activities of Polar Educators International (PEI): 2012-2022,Portugal,India,Italy,Poland,SCAR,United Kingdom,United States,WMO,,,,,,,X,,,,
ATCM XLV - CEP XXV (2023),IP037,ATCM 11,,,Association of Polar Early Career Scientists (APECS): An overview of the first 15 years,Portugal,Australia,Belgium,Bulgaria,Canada,France,Germany,Netherlands,Norway,SCAR,South Africa,Türkiye,United Kingdom,WMO,X,,,,
ATCM XLV - CEP XXV (2023),IP038,ATCM 6d,,,ATCM-CEP Joint Session on Climate Change: Portugal´s research and policy activities on climate change,Portugal,,,,,,,,,,,,,,X,,,,
ATCM XLV - CEP XXV (2023),IP039,ATCM 13,CEP 10a,,United Kingdom procedures for preventing the introduction or spread of Highly Pathogenic Avian Influenza in Antarctica,United Kingdom,,,,,,,,,,,,,,X,,,,
ATCM XLV - CEP XXV (2023),IP040,ATCM 17,,,Data Collection and Reporting on Yachting Activity in Antarctica in 2022-23,United Kingdom,Argentina,Chile,United States,IAATO,,,,,,,,,,X,,,,
ATCM XLV - CEP XXV (2023),IP041,CEP 10a,,,"Monitoring and eradication of a non-native grass, Poa annua, from the Western Shore of Admiralty Bay, King George Island, South Shetland Islands - 2022/2023 update",Poland,,,,,,,,,,,,,,X,,,,
ATCM XLV - CEP XXV (2023),IP042 rev. 1,CEP 10a,,,Report of a finding of Trichocera maculipennis in Antarctic Specially Protected Area 128,Poland,,,,,,,,,,,,,,X,,,,
ATCM XLV - CEP XXV (2023),IP043,ATCM 18,,,"Hosting of the 46th Antarctic Treaty Consultative Meeting (ATCM) at Kochi, India, 2024",India,,,,,,,,,,,,,,X,X,X,X,
ATCM XLV - CEP XXV (2023),IP044,ATCM 11,,,Indian Polar Education and Outreach Endeavours,India,,,,,,,,,,,,,,X,,,,
ATCM XLV - CEP XXV (2023),IP045,CEP 7a,,,Managing threats to Antarctic terrestrial biodiversity,Australia,Belgium,France,Japan,New Zealand,Norway,Spain,United Kingdom,United States,SCAR,ASOC,IAATO,,,X,,,,
ATCM XLV - CEP XXV (2023),IP046,ATCM 14,CEP 12,,"Report of Informal UK Government Inspection of Base A, Port Lockroy",United Kingdom,,,,,,,,,,,,,,X,,,,"Report of Informal UK Government Inspection of Base A, Port Lockroy
"
ATCM XLV - CEP XXV (2023),IP047,ATCM 15,,,"Summary of SCAR’s Strategic Plan 2023-2028
",SCAR,,,,,,,,,,,,,,X,,,,
ATCM XLV - CEP XXV (2023),IP048,CEP 9e,,,Systematic Conservation Plan for the Antarctic Peninsula Project Updates and Next Steps,SCAR,IAATO,,,,,,,,,,,,,X,,,,
ATCM XLV - CEP XXV (2023),IP049,ATCM 15,,,"SCAR Lecture: ""Satellite-based science and the changing nature of what it means to “explore” Antarctica""",SCAR,,,,,,,,,,,,,,X,,,,
ATCM XLV - CEP XXV (2023),IP050,ATCM 15,,,Plans for a fifth International Polar Year 2032/33,SCAR,WMO,,,,,,,,,,,,,X,,,,
ATCM XLV - CEP XXV (2023),IP051,ATCM 17,CEP 10c,,IAATO Operational Procedures for responsible wildlife watching – An update,IAATO,,,,,,,,,,,,,,X,,,,"IAATO Operational Procedures for viewing birds (Attachment B)
IAATO Operational Procedures for viewing seals (Attachment C)
IAATO Operational Procedures for visiting Emperor Penguin Colonies (Attachment D)
IAATO Operational Procedures for Watching Whales (Attachment E)
IAATO Operational Procedures for Wildlife Watching (Attachment A)
IAATO Overarching Principles for Wildlife Watching (Attachment G)
IAATO Procedures Upon the Discovery of a High or Unusual Mortality Event (Attachment F)
"
ATCM XLV - CEP XXV (2023),IP052,ATCM 17,CEP 10a,,IAATO Deep Field and Air Operations Biosecurity Procedures –¬ An update,IAATO,,,,,,,,,,,,,,X,,,,"IAATO Biosecurity Procedures for Deep Field and Air Operators
"
ATCM XLV - CEP XXV (2023),IP053,ATCM 17,CEP 9c,,A Five-Year Overview and 2022-23 Season Report on IAATO Operator Use of Antarctic Peninsula Landing Sites and ATCM Visitor Site Guidelines,IAATO,,,,,,,,,,,,,,X,,,,
ATCM XLV - CEP XXV (2023),IP054,ATCM 11,,,"IAATO Education, Outreach and Ambassadorship",IAATO,,,,,,,,,,,,,,X,,,,
ATCM XLV - CEP XXV (2023),IP055,ATCM 17,ATCM 4,CEP 5,Report of the International Association of Antarctica Tour Operators 2022-23,IAATO,,,,,,,,,,,,,,X,X,X,X,
ATCM XLV - CEP XXV (2023),IP056,ATCM 17,,,"IAATO Overview of Antarctic Tourism: The 2022-23 Season, and Preliminary Estimates for 2023-24",IAATO,,,,,,,,,,,,,,X,,,,
ATCM XLV - CEP XXV (2023),IP057,ATCM 17,,,"
IAATO Deep Field and Air Overview of Antarctic Tourism: 2022-23 Season and Preliminary Estimates for 2023-24 Season
",IAATO,,,,,,,,,,,,,,X,,,,
ATCM XLV - CEP XXV (2023),IP058,ATCM 13,ATCM 17,ATCM 6c,Implementation of the IMO Polar Code: A practical perspective,IAATO,,,,,,,,,,,,,,X,,,,
ATCM XLV - CEP XXV (2023),IP059,ATCM 15,CEP 11,,International Science & Infrastruc-ture for Synchronous Observation (Antarctica InSync),Germany,Australia,France,Italy,Norway,United Kingdom,United States,,,,,,,,X,,,,
ATCM XLV - CEP XXV (2023),IP060,CEP 9a,,,"Elaboration of an ASPA Draft Management Plan for Otto-von-Gruber-Gebirge, Dronning Maud Land, East Antarctica",Germany,United States,,,,,,,,,,,,,X,,,,
ATCM XLV - CEP XXV (2023),IP061,CEP 11,,,Current initiatives for a structured sample and data collection of envi-ronmental contamination in the Ant-arctic,Germany,Australia,Italy,Portugal,Sweden,United Kingdom,United States,,,,,,,,X,,,,
ATCM XLV - CEP XXV (2023),IP062,ATCM 17,CEP 11,,Tourism monitoring in Antarctica – Report on the progress in developing a concept for the analysis of the impacts of tourism on the assets to be protected in the Antarctic,Germany,,,,,,,,,,,,,,X,,,,
ATCM XLV - CEP XXV (2023),IP063,CEP 10c,,,"Update: Managing the Effects of an-thropogenic noise in the Antarctic – Steps towards the development of an underwater noise protection concept for Antarctica
",Germany,,,,,,,,,,,,,,X,,,,
ATCM XLV - CEP XXV (2023),IP064,ATCM 6d,CEP 7a,,Decarbonizing Antarctic Operations: best practices for renewable energy deployment at Antarctic research stations,ASOC,Uruguay,,,,,,,,,,,,,X,,,,"Scientific paper
"
ATCM XLV - CEP XXV (2023),IP065,CEP 11,,,Environmental Field Reviews: Supporting Monitoring Obligations and the Environmental Impact Assessment Feedback Process,United States,,,,,,,,,,,,,,X,,,,
ATCM XLV - CEP XXV (2023),IP066,CEP 6,,,"Antarctic Ecosystem Recovery: Recolonization of Adélie Penguins at Cape Hallett (ASPA No. 106), Ross Sea",Korea (ROK),New Zealand,United States,,,,,,,,,,,,X,,,,"Kim et al. Scientific paper
"
ATCM XLV - CEP XXV (2023),IP067,ATCM 6c,,,"Implementing the Polar Code: Gaps and Challenges
",Spain,,,,,,,,,,,,,,X,X,,,
ATCM XLV - CEP XXV (2023),IP068,ATCM 11,,,Live from Antarctica: The National Science Foundation’s Education and Outreach Event,United States,,,,,,,,,,,,,,X,,,,
ATCM XLV - CEP XXV (2023),IP069,ATCM 6c,,,Implementation of the International Code for Ships Operating in Polar Waters in vessels flying a Chilean flag and their control in Chilean jurisdiction waters,Chile,,,,,,,,,,,,,,X,X,X,X,
ATCM XLV - CEP XXV (2023),IP070,CEP 9a,,,"Analysis of the current status of the Antarctic Specially Protected Area No. 144, Chile Bay (Discovery Bay), Greenwich Island",Chile,,,,,,,,,,,,,,X,X,,,
ATCM XLV - CEP XXV (2023),IP071,ATCM 15,,,Australian Antarctic Science Program Highlights 2022-23,Australia,,,,,,,,,,,,,,X,,,,
ATCM XLV - CEP XXV (2023),IP072,ATCM 16,ATCM 6d,,Australia’s Antarctic climate science,Australia,,,,,,,,,,,,,,X,,,,
ATCM XLV - CEP XXV (2023),IP073,ATCM 6d,,,Addressing critical knowledge gaps identified by the IPCC in Antarctica’s future contribution to sea level rise by international collaboration,Norway,SCAR,,,,,,,,,,,,,X,,,,
ATCM XLV - CEP XXV (2023),IP074,ATCM 15,CEP 13,,The Ice Memory Programme,France,Italy,,,,,,,,,,,,,X,,,,
ATCM XLV - CEP XXV (2023),IP075,CEP 11,,,Antarctic Environments Portal,SCAR,,,,,,,,,,,,,,X,,,,
ATCM XLV - CEP XXV (2023),IP076,CEP 9e,,,Report of the management group for Antarctic Specially Managed Area (ASMA) No. 4 Deception Island for the period 2022/23,Spain,Argentina,Chile,Norway,United Kingdom,United States,,,,,,,,,X,,,,
ATCM XLV - CEP XXV (2023),IP077,ATCM 15,,,"The SCAR Equality, Diversity and Inclusion Action Group",SCAR,,,,,,,,,,,,,,X,,,,
ATCM XLV - CEP XXV (2023),IP078,CEP 11,,,Plastic Pollution in the Southern Ocean,SCAR,,,,,,,,,,,,,,X,,,,
ATCM XLV - CEP XXV (2023),IP079,CEP 4,,,Committee for Environmental Protection (CEP): summary of activities during the 2022/23 intersessional period,Norway,,,,,,,,,,,,,,X,,,,
ATCM XLV - CEP XXV (2023),IP080,ATCM 13,,,MSI broadcasting of NAVAREA VI through the World Wide Navigational Warning System (WWNWS),Argentina,,,,,,,,,,,,,,X,X,,,
ATCM XLV - CEP XXV (2023),IP081,ATCM 13,,,AIS AtoN installation in the Antarctic by the Argentine Republic (2011-2023 Programme),Argentina,,,,,,,,,,,,,,X,X,,,
ATCM XLV - CEP XXV (2023),IP082,ATCM 13,CEP 8b,,"Finalizing the construction of the gravel runway in the area of Mario Zucchelli Station, Terra Nova Bay, Victoria Land, Antarctica",Italy,,,,,,,,,,,,,,X,,,,
ATCM XLV - CEP XXV (2023),IP083,ATCM 13,,,Report on the 25th edition of the Joint Antarctic Naval Patrol between Chile and Argentina - 2022/2023,Chile,Argentina,,,,,,,,,,,,,X,X,,,
ATCM XLV - CEP XXV (2023),IP084,ATCM 15,,,Progress of the activities of the Beyond EPICA Oldest Ice project,Italy,France,Germany,Netherlands,Norway,Sweden,United Kingdom,,,,,,,,X,,,,
ATCM XLV - CEP XXV (2023),IP085,ATCM 13,,,Natural Hazards Awareness in Antarctica: An update on the COMNAP project,COMNAP,,,,,,,,,,,,,,X,,,,
ATCM XLV - CEP XXV (2023),IP086,ATCM 13,,,COMNAP Search and Rescue (SAR) Workshop 5 (2023),COMNAP,,,,,,,,,,,,,,X,,,,
ATCM XLV - CEP XXV (2023),IP087,ATCM 15,,,The First Basic Plan for the Promotion of Polar Activities of the Republic of Korea (2023-2027),Korea (ROK),,,,,,,,,,,,,,X,,,,
ATCM XLV - CEP XXV (2023),IP088,ATCM 15,,,Update on the Australian Antarctic Strategy and 20 Year Action Plan and major initiatives,Australia,,,,,,,,,,,,,,X,,,,
ATCM XLV - CEP XXV (2023),IP089,CEP 10b,,,Draft Specially Protected Species Action Plan for the Emperor Penguin: complementary actions by Australia,Australia,,,,,,,,,,,,,,X,,,,
ATCM XLV - CEP XXV (2023),IP090,CEP 9e,,,The need for increased protection of Antarctica’s inland waters,New Zealand,Spain,United Kingdom,,,,,,,,,,,,X,,,,
ATCM XLV - CEP XXV (2023),IP091,ATCM 17,,,Competent authorities discussion forum on tourism regulatory activities: report by the convener,Australia,,,,,,,,,,,,,,X,,,,
ATCM XLV - CEP XXV (2023),IP092,ATCM 6c,,,Australian experience with implementation of the International Code for Ships Operating in Polar Waters (Polar Code) ,Australia,,,,,,,,,,,,,,X,,,,
ATCM XLV - CEP XXV (2023),IP093,ATCM 6d,CEP 7a,,Antarctica 2300 (ISMIP6) Projections ,WMO,,,,,,,,,,,,,,X,,,,
ATCM XLV - CEP XXV (2023),IP094,ATCM 6d,CEP 7a,,The Climate and Cryosphere (CliC) Project of the World Climate Research Programme (WCRP),WMO,,,,,,,,,,,,,,X,,,,
ATCM XLV - CEP XXV (2023),IP095,ATCM 6d,CEP 7a,,Understanding Future Sea-level Change Around Antarctica,SCAR,COMNAP,,,,,,,,,,,,,X,,,,
ATCM XLV - CEP XXV (2023),IP096,ATCM 13,,,Seismic activity and associated risk in Antarctica,SCAR,,,,,,,,,,,,,,X,,,,
ATCM XLV - CEP XXV (2023),IP097,ATCM 6d,CEP 7a,,Policy-relevant science highlights from the Antarctic CORDEX project,WMO,,,,,,,,,,,,,,X,,,,
ATCM XLV - CEP XXV (2023),IP098,CEP 7a,,,"Marine Ecosystem Assessment for the Southern Ocean (MEASO) - Key Findings and Recommendations
",SCAR,,,,,,,,,,,,,,X,,,,
ATCM XLV - CEP XXV (2023),IP099,ATCM 13,,,Renovation of the Deception Island Volcanic Surveillance Network,Spain,,,,,,,,,,,,,,X,X,,,
ATCM XLV - CEP XXV (2023),IP100,CEP 11,,,Anthropogenic noise in Antarctic terrestrial environments,SCAR,,,,,,,,,,,,,,X,X,,,
ATCM XLV - CEP XXV (2023),IP101,CEP 10a,,,Heightened Risk of Avian Influenza in the Antarctic Treaty Area ,SCAR,IAATO,COMNAP,,,,,,,,,,,,X,,,,
ATCM XLV - CEP XXV (2023),IP102,CEP 7b,,,Assessing the risk of climate change impacts on Antarctic heritage values: an update on progress,Argentina,Australia,New Zealand,Norway,United Kingdom,SCAR,,,,,,,,,X,,,,"Climate Change & Heritage Vulnerability Resources
"
ATCM XLV - CEP XXV (2023),IP103,CEP 9a,,,"Data from the molecular diversity studies in the proposed ASPA in parts of Western Sør Rondane Mountains, Dronning Maud Land, East Antarctica",Belgium,,,,,,,,,,,,,,X,,,,
ATCM XLV - CEP XXV (2023),IP104,ATCM 15,CEP 13,,Update on the Southern Ocean contribution to the United Nations Decade of Ocean Science for Sustainable Development,SCAR,Belgium,Netherlands,WMO,,,,,,,,,,,X,,,,
ATCM XLV - CEP XXV (2023),IP105,ATCM 17,,,Feedback on the monitoring on board tourist vessels conducted during the 2022 / 2023 season,France,New Zealand,IAATO,,,,,,,,,,,,X,,,,
ATCM XLV - CEP XXV (2023),IP106,ATCM 17,,,Report on Antarctic tourist flows and cruise ships operating in Ushuaia during the 2022/2023 Austral summer season,Argentina,,,,,,,,,,,,,,X,X,,,
ATCM XLV - CEP XXV (2023),IP107,ATCM 15,,,Initiatives to Increase Accessibility and Inclusion in Antarctic Research,United States,,,,,,,,,,,,,,X,,,,
ATCM XLV - CEP XXV (2023),IP108,ATCM 11,,,Polar STEAM: An Emerging National Science Foundation Education and Outreach Initiative,United States,,,,,,,,,,,,,,X,,,,
ATCM XLV - CEP XXV (2023),IP109,ATCM 17,,,"Antarctic tourism through Ushuaia: Comparative data from fifteen seasons
",Argentina,,,,,,,,,,,,,,X,X,,,
ATCM XLV - CEP XXV (2023),IP110,ATCM 15,,,DEAIS: Changes in the Drainage Pattern of the East Antarctic Ice Sheet through Time,Switzerland,,,,,,,,,,,,,,X,,,,
ATCM XLV - CEP XXV (2023),IP111,CEP 9b,,,Report on the work carried out at the “Swedish hut” on Snow Hill Island (HSM Nr. 38),Argentina,Sweden,,,,,,,,,,,,,X,X,,,
ATCM XLV - CEP XXV (2023),IP112,ATCM 15,,,Advancing Antarctic Research with Canadian Space Science and Technology,Canada,,,,,,,,,,,,,,X,,X,,
ATCM XLV - CEP XXV (2023),IP113,CEP 9b,,,State of conservation of the Casa Moneta Museum (HSM N°42),Argentina,,,,,,,,,,,,,,X,X,,,
ATCM XLV - CEP XXV (2023),IP114,CEP 8a,,,"Preliminary responses to comments on the draft Comprehensive Environmental Evaluation (CEE) for the renovation of Petrel Base, Dundee Island, Antarctica",Argentina,,,,,,,,,,,,,,X,X,,,
ATCM XLV - CEP XXV (2023),IP115,ATCM 4,CEP 5,,ASOC Report to the ATCM,ASOC,,,,,,,,,,,,,,X,X,X,X,
ATCM XLV - CEP XXV (2023),IP116,ATCM 17,,,Slow Antarctic Tourism,ASOC,,,,,,,,,,,,,,X,,,,
ATCM XLV - CEP XXV (2023),IP117,ATCM 16,ATCM 6d,CEP 7a,Irreversible near-term consequences of Southern Ocean acidification with current CO2 emissions pathways,ASOC,,,,,,,,,,,,,,X,,,,
ATCM XLV - CEP XXV (2023),IP118 rev. 1,CEP 9d,,,ASOC update on marine protected areas in the Southern Ocean 2019-2023,ASOC,,,,,,,,,,,,,,X,,,,
ATCM XLV - CEP XXV (2023),IP119,ATCM 6c,,,Improving safety and environmental protection of shipping in the Antarctic Treaty Area,ASOC,,,,,,,,,,,,,,X,,,,
ATCM XLV - CEP XXV (2023),IP120,ATCM 16,ATCM 6d,CEP 7a,Increasing evidence of critical sea-level rise with emissions above 1.5°C Paris agreement limit,ASOC,,,,,,,,,,,,,,X,,,,
ATCM XLV - CEP XXV (2023),IP121 rev. 2,CEP 7a,,,Carbon Footprints of Antarctic Activities,ASOC,,,,,,,,,,,,,,X,,,,
ATCM XLV - CEP XXV (2023),IP122,CEP 10a,,,Implementation for Behavioral Protocol in Antarctica and Monitoring for the Highly Pathogenic Avian Influenza (HPAI) Virus in the Magallanes Region,Chile,,,,,,,,,,,,,,X,X,,,
ATCM XLV - CEP XXV (2023),IP123,ATCM 13,,,"Improving Tools for Preventing and Responding to Sexual Assault and Sexual Harassment in the U.S. Antarctic Program
",United States,,,,,,,,,,,,,,X,,,,
ATCM XLV - CEP XXV (2023),IP124,CEP 10c,,,Comprehensive approach to the study of the Emperor Penguin colony in Snow Hill Island,Argentina,,,,,,,,,,,,,,X,X,,,
ATCM XLV - CEP XXV (2023),IP125,ATCM 13,,,"The Antarctic Infrastructure Recapitalization (AIR) Program: An Enduring Approach to Maintaining and Modernizing Antarctic Stations
",United States,,,,,,,,,,,,,,X,,,,
ATCM XLV - CEP XXV (2023),IP126,ATCM 15,,,Gender equality action plan & practices of Tübitak Mam Polar Research Institute ,Türkiye,,,,,,,,,,,,,,X,,,,"TÜBİTAK Gender Equality Action Plan
"
ATCM XLV - CEP XXV (2023),IP127,ATCM 6c,,,Применение Полярного кодекса Российской Федерацией,Russian Federation,,,,,,,,,,,,,,,,,X,"уда под российским флагом, соответствующие требованиям Полярного кодекса
"
ATCM XLV - CEP XXV (2023),IP128,ATCM 6e,,,Foro Conmemorativo de la Firma del Tratado Antártico: El Decenio de las Ciencias Oceánicas en el Confín del mundo,Brazil,Chile,Ecuador,Peru,Uruguay,Colombia,Türkiye,,,,,,,,,X,,,
ATCM XLV - CEP XXV (2023),IP129,ATCM 6e,,,"XXXIII Reunión de Administradores de Programas Antárticos Latinoamericanos -RAPAL (Ecuador, 2022)",Ecuador,,,,,,,,,,,,,,,X,,,
ATCM XLV - CEP XXV (2023),IP130 rev. 1,ATCM 13,CEP 9e,,Deployment of the first permanent Argentine Volcano Monitoring Network in Deception Island,Argentina,,,,,,,,,,,,,,X,X,,,
ATCM XLV - CEP XXV (2023),IP131,ATCM 15,,,"Vinculación de la mujer en el Programa Técnico, Científico y Ambiental de la XXVI Expedición Antártica Ecuatoriana ",Ecuador,,,,,,,,,,,,,,,X,,,
ATCM XLV - CEP XXV (2023),IP132 rev. 1,ATCM 6e,,,Strengthening Support for the Protocol on Environmental Protection to the Antarctic Treaty,Australia,France,Spain,,,,,,,,,,,,X,,,,
ATCM XLV - CEP XXV (2023),IP133,ATCM 15,CEP 8b,,Progress of glaciological research activities at the Dome Fuji II Camp,Japan,,,,,,,,,,,,,,X,,,,
ATCM XLV - CEP XXV (2023),IP134,ATCM 15,,,Japan's Antarctic Research Highlights 2022 - 23,Japan,,,,,,,,,,,,,,X,,,,
ATCM XLV - CEP XXV (2023),IP135,ATCM 17,CEP 11,,Monitorización de embarcaciones turísticas y no gubernamentales en el entorno de la Isla Decepción,Spain,,,,,,,,,,,,,,,X,,,
ATCM XLV - CEP XXV (2023),IP136,ATCM 15,,,Ecuadorian Projects Completed within the Seventh Turkish Antarctic Expedition and Signing of a Memorandum of Understanding between the Scientific and Technological Research Council of Türkiye (TÜBİTAK) Marmara Research Center (MAM) Polar Research Institut,Ecuador,Türkiye,,,,,,,,,,,,,X,,,,
ATCM XLV - CEP XXV (2023),IP137,ATCM 15,,,Signing of a Memorandum of Understanding and Scientific Cooperation between the Republic of Chile and Türkiye,Chile,Türkiye,,,,,,,,,,,,,X,,,,
ATCM XLV - CEP XXV (2023),IP138,ATCM 15,,,"Programa Técnico, Científico y Ambiental y la Cooperación Científica en la XXVI Expedición Antártica Ecuatoriana",Ecuador,,,,,,,,,,,,,,,X,,,
ATCM XLV - CEP XXV (2023),IP139,ATCM 15,CEP 10c,,Cuantificación de la Contaminación por Macro y Microplásticos en el Área de Influencia de la Estación Científica Pedro Vicente Maldonado-Isla Greenwich (2023-2025),Ecuador,,,,,,,,,,,,,,,X,,,
ATCM XLV - CEP XXV (2023),IP140,ATCM 15,,,Informe sobre la Modelización de Ecosistemas Antárticos con Técnicas de Machine-Learning y sus Perspectivas Futuras,Ecuador,,,,,,,,,,,,,,,X,,,
ATCM XLV - CEP XXV (2023),IP141,ATCM 6e,,,National Measures on Antarctic Legislation ,India,,,,,,,,,,,,,,X,,,,
ATCM XLV - CEP XXV (2023),IP142,ATCM 15,,,"A Memorandum of Understanding between the Ministry of Science, Technology and Innovation of the Federative Republic of Brazil and the Scientific and Technological Research Council of Türkiye",Türkiye,,,,,,,,,,,,,,X,,,,
ATCM XLV - CEP XXV (2023),IP143,ATCM 15,,,Exploración de Factores Bióticos y Abióticos en el Efecto de la Acidificación Oceánica sobre Calcificadores Antárticos,Ecuador,,,,,,,,,,,,,,,X,,,
ATCM XLV - CEP XXV (2023),IP144,ATCM 15,,,Diversity and inclusion in the Australian Antarctic program,Australia,,,,,,,,,,,,,,X,,,,
ATCM XLV - CEP XXV (2023),IP145,ATCM 17,,,Preventing a Potential Circumvention of Measure 15 (2009),United States,,,,,,,,,,,,,,X,,,,
ATCM XLV - CEP XXV (2023),IP146,ATCM 13,,,"Revitalization of the A. B. Dobrowolski Polish Antarctic Station (Bunger Hills, East Antarctica)",Poland,,,,,,,,,,,,,,X,,,,
ATCM XLV - CEP XXV (2023),IP147,ATCM 13,ATCM 15,,"The First Operational Year of the New Bulgarian Research Vessel Sv. Sv. Kiril i Metodii (RSV 421)
",Bulgaria,,,,,,,,,,,,,,X,,,,
ATCM XLV - CEP XXV (2023),IP148,ATCM 11,,,Ejecución de la Mesa Redonda “Influencia de la Academia en el Desarrollo de la Investigación Antártica Latinoamericana”,Ecuador,,,,,,,,,,,,,,,X,,,
ATCM XLV - CEP XXV (2023),IP149,ATCM 15,,,Nuevos Ejes de Investigación Antártica Implementados Desde el 2022 ,Ecuador,,,,,,,,,,,,,,,X,,,
ATCM XLV - CEP XXV (2023),IP150,CEP 3,,,Informal CEP Workshop on strategic priorities and 5-year work plan – convener’s preliminary report,Norway,,,,,,,,,,,,,,X,,,,
ATCM XLIV - CEP XXIV (2022),IP001,CEP 11,,,Microplastics in the Antarctic marine food web: evidence from penguins,Portugal,United Kingdom,,,,,,,,,,,,,X,,,,
ATCM XLIV - CEP XXIV (2022),IP002,CEP 11,,,Effects of climate change on Antarctic marine food webs: new evidence from squid,Portugal,United Kingdom,,,,,,,,,,,,,X,,,,
ATCM XLIV - CEP XXIV (2022),IP003,CEP 13,,,"UN Ocean Conference 2022 in Lisbon, Portugal",Portugal,Sweden,WMO,,,,,,,,,,,,X,,,,
ATCM XLIV - CEP XXIV (2022),IP004,CEP 11,,,"Information on chemical pollution at Port Foster, Deception Island",Portugal,Spain,,,,,,,,,,,,,X,,,,
ATCM XLIV - CEP XXIV (2022),IP005,ATCM 15,,,Early Career Opportunities: Antarctic Fellowships & Scholarships,COMNAP,CCAMLR,SCAR,IAATO,,,,,,,,,,,X,,,,
ATCM XLIV - CEP XXIV (2022),IP006,ATCM 13,,,COMNAP Antarctic Aviation Workshop 2022 Report,COMNAP,,,,,,,,,,,,,,X,,,,"COMNAP Antarctic Aviation Workshop 2022 Report
"
ATCM XLIV - CEP XXIV (2022),IP007 rev. 1,CEP 11,,,Update on current initiatives for a more structured sample and data collection of environmental contamination in the Antarctic,Australia,Germany,Italy,Sweden,United Kingdom,United States,,,,,,,,,X,,,,
ATCM XLIV - CEP XXIV (2022),IP008,ATCM 17,,,"Tourism monitoring in Antarctica - Development of a concept for the analysis of the impacts of tourism on the assets to be protected in the Antarctic
",Germany,,,,,,,,,,,,,,X,,,,
ATCM XLIV - CEP XXIV (2022),IP009,CEP 10a,,,"Report of a new non-native insect (moth fly) on King George Island, South Shetland Islands",Korea (ROK),Chile,,,,,,,,,,,,,X,,,,
ATCM XLIV - CEP XXIV (2022),IP010,CEP 10b,,,"Recent status of emperor penguin population in Northern Victoria Land, Ross Sea",Korea (ROK),,,,,,,,,,,,,,X,,,,
ATCM XLIV - CEP XXIV (2022),IP011,ATCM 6b,,,The Act on the Promotion of Polar Activities of the Republic of Korea,Korea (ROK),,,,,,,,,,,,,,X,,,,
ATCM XLIV - CEP XXIV (2022),IP012,ATCM 15,,,Scientific and Science-related Cooperation with the Antarctic Community and Responses to COVID-19,Korea (ROK),,,,,,,,,,,,,,X,,,,
ATCM XLIV - CEP XXIV (2022),IP013,ATCM 15,,,Korea-Chile Collaboration in Antarctic Research,Korea (ROK),Chile,,,,,,,,,,,,,X,,,,
ATCM XLIV - CEP XXIV (2022),IP014,ATCM 4,,,Report by the CCAMLR Observer to the Forty Fourth Antarctic Treaty Consultative Meeting,CCAMLR,,,,,,,,,,,,,,X,X,X,X,
ATCM XLIV - CEP XXIV (2022),IP015,CEP 5,,,Report by the SC-CAMLR Observer to CEP,CCAMLR,,,,,,,,,,,,,,X,,,,
ATCM XLIV - CEP XXIV (2022),IP016,ATCM 4,CEP 5,,The Scientific Committee on Antarctic Research Annual Report 2022 to the XLIV Antarctic Treaty Consultative Meeting,SCAR,,,,,,,,,,,,,,X,X,X,X,"Infographic
"
ATCM XLIV - CEP XXIV (2022),IP017,ATCM 11,,,Celebración del 30° Aniversario del Protocolo al Tratado Antártico sobre Protección del Medio Ambiente entre Chile y España,Chile,Spain,,,,,,,,,,,,,,X,,,
ATCM XLIV - CEP XXIV (2022),IP018 rev. 2,ATCM 4,,,"Report by the United Kingdom as Depositary Government for the Convention for the Conservation of Antarctic Seals (CCAS) in Accordance with Recommendation XIII-2, Paragraph 2(d) 2020/21",United Kingdom,,,,,,,,,,,,,,X,X,X,X,
ATCM XLIV - CEP XXIV (2022),IP019,ATCM 4,CEP 5,,"Annual Report 2021/22 Council of Managers of National Antarctic Programs (COMNAP)
",COMNAP,,,,,,,,,,,,,,X,X,X,X,
ATCM XLIV - CEP XXIV (2022),IP020,CEP 8a,,,Response to comments on the draft Comprehensive Environmental Evaluation (CEE) for the Scott Base Redevelopment,New Zealand,,,,,,,,,,,,,,X,,,,"Response to ICG participants and CEP advice
"
ATCM XLIV - CEP XXIV (2022),IP021 rev. 1,ATCM 4,CEP 5,,WMO Annual Report,WMO,,,,,,,,,,,,,,X,X,X,X,
ATCM XLIV - CEP XXIV (2022),IP022,CEP 7b,,,Consideration of climate change within the Antarctic Protected Areas System,United Kingdom,,,,,,,,,,,,,,X,,,,"Attachment A - Developing resilience to climate change impacts in Antarctica: An evaluation of Antarctic Treaty System protected area policy
"
ATCM XLIV - CEP XXIV (2022),IP023,ATCM 16,CEP 7a,,Antarctic Blue Carbon,United Kingdom,,,,,,,,,,,,,,X,,,,
ATCM XLIV - CEP XXIV (2022),IP024,CEP 10a,,,"Ship traffic connects Antarctica to worldwide locations, with implications for non-native marine species introduction risk",United Kingdom,,,,,,,,,,,,,,X,,,,
ATCM XLIV - CEP XXIV (2022),IP025,CEP 10a,,,International response under the Antarctic Treaty System to the establishment of a non-native fly on the South Shetland Islands,United Kingdom,Uruguay,,,,,,,,,,,,,X,,,,"Attachment A - International Response under the Antarctic Treaty System to the Establishment of A Non-native Fly in Antarctica
"
ATCM XLIV - CEP XXIV (2022),IP026,ATCM 15,CEP 7a,,International Thwaites Glacier Collaboration: The Future of Thwaites Glacier and its Contribution to Sea-Level Rise,United States,United Kingdom,,,,,,,,,,,,,X,,,,
ATCM XLIV - CEP XXIV (2022),IP027,ATCM 15,CEP 7a,,The Value of Long-term Ecological Datasets to Evaluate Ecosystem Response to Environmental Change along the Antarctic Peninsula,United States,,,,,,,,,,,,,,X,,,,
ATCM XLIV - CEP XXIV (2022),IP028,ATCM 15,,,"Uruguay, país anfitrión de la XXXII Reunión de Administradores de Programas Antárticos Latinoamericanos
",Uruguay,,,,,,,,,,,,,,,X,,,
ATCM XLIV - CEP XXIV (2022),IP029,ATCM 14,,,Seminario sobre inspecciones Antárticas,Chile,,,,,,,,,,,,,,,X,,,
ATCM XLIV - CEP XXIV (2022),IP030,CEP 10a,,,"Detection of a non-native species of Diptera in the Elephant Refuge, ASPA 132, King George Island",Argentina,Uruguay,,,,,,,,,,,,,X,X,,,
ATCM XLIV - CEP XXIV (2022),IP031,CEP 9b,,,Analysis of the accuracy of the location coordinates of some Historic Sites and Monuments,Argentina,,,,,,,,,,,,,,X,X,,,
ATCM XLIV - CEP XXIV (2022),IP032,CEP 7a,,,Efectos del derretimiento del Glaciar Collins en el ecosistema costero marino antártico,Uruguay,,,,,,,,,,,,,,,X,,,
ATCM XLIV - CEP XXIV (2022),IP033,ATCM 13,,,Proyecto Cambio de matriz energética Base Científica Antártica Artigas. Instalación de Generador Eólico,Uruguay,,,,,,,,,,,,,,,X,,,
ATCM XLIV - CEP XXIV (2022),IP034,ATCM 6b,,,Commemoration of the 62nd Anniversary of the signing of the Antarctic Treaty by the APAL countries,Argentina,Brazil,Chile,Ecuador,Peru,Uruguay,Colombia,Venezuela,,,,,,,X,X,,,
ATCM XLIV - CEP XXIV (2022),IP035,CEP 8b,,,New methodology for the quantitative assessment of the environmental impacts of the Argentine Antarctic Programme,Argentina,,,,,,,,,,,,,,X,X,,,
ATCM XLIV - CEP XXIV (2022),IP036,CEP 10c,,,Population decline of Cape Petrel on Fildes Peninsula,Germany,,,,,,,,,,,,,,X,,,,
ATCM XLIV - CEP XXIV (2022),IP037,CEP 10c,,,"Impact of RPAS (drone) use on emperor penguins
",Germany,,,,,,,,,,,,,,X,,,,
ATCM XLIV - CEP XXIV (2022),IP038,CEP 10c,,,"Update: Managing the Effects of anthropogenic noise in the Antarctic – Steps towards the development of an underwater noise protection 
concept for Antarctica
",Germany,,,,,,,,,,,,,,X,,,,
ATCM XLIV - CEP XXIV (2022),IP039,CEP 10c,,,"The usefulness of the Environmental Guidelines for operation of Remotely Piloted Aircraft Systems in Antarctica - Insights from a survey
",Germany,,,,,,,,,,,,,,X,,,,
ATCM XLIV - CEP XXIV (2022),IP040,CEP 8b,,,Methodology for evaluating vulnerability to climate change in environmental impact assessments,Argentina,,,,,,,,,,,,,,X,X,,,
ATCM XLIV - CEP XXIV (2022),IP041,ATCM 17,ATCM 4,CEP 5,Report of the International Association of Antarctica Tour Operators 2021-22,IAATO,,,,,,,,,,,,,,X,X,X,X,
ATCM XLIV - CEP XXIV (2022),IP042,ATCM 17,,,IAATO Overview of Antarctic Tourism:  2021-22 Season and Preliminary Estimates for 2022-23 Season,IAATO,,,,,,,,,,,,,,X,,,,
ATCM XLIV - CEP XXIV (2022),IP043,ATCM 17,CEP 9c,,"A Five-Year Overview and 2021–22 Season Report on IAATO Operator Use of Antarctic Peninsula Landing Sites and ATCM Visitor Site Guidelines
",IAATO,,,,,,,,,,,,,,X,,,,
ATCM XLIV - CEP XXIV (2022),IP044,ATCM 6b,CEP 10b,,An Overview on the Legal Framework on Antarctic Specially Protected Species and Its Application,China,,,,,,,,,,,,,,X,,,,
ATCM XLIV - CEP XXIV (2022),IP045,ATCM 4,,,Report of the Depositary Government for the Agreement on the Conservation of Albatrosses and Petrels (ACAP),Australia,,,,,,,,,,,,,,X,X,X,X,
ATCM XLIV - CEP XXIV (2022),IP046,ATCM 4,,,Report of the Depositary Government for the Convention on the Conservation of Antarctic Marine Living Resources (CCAMLR) ,Australia,,,,,,,,,,,,,,X,X,X,X,
ATCM XLIV - CEP XXIV (2022),IP047,CEP 9e,,,Research to inform CEP discussions about further development of the Antarctic protected area system,Australia,,,,,,,,,,,,,,X,,,,
ATCM XLIV - CEP XXIV (2022),IP048,CEP 8b,,,"Davis Aerodrome Project: Decision by Australia not to proceed, and knowledge gained of the Vestfold Hills environment",Australia,,,,,,,,,,,,,,X,,,,
ATCM XLIV - CEP XXIV (2022),IP049,CEP 7b,,,Work to review International Maritime Organization and Antarctic Treaty system guidelines and agreements concerning ship biofouling and ballast water management,Australia,New Zealand,United Kingdom,,,,,,,,,,,,X,,,,
ATCM XLIV - CEP XXIV (2022),IP050,ATCM 15,,,Australian Antarctic Science Program 2021-22,Australia,,,,,,,,,,,,,,X,,,,"Australian Antarctic Science Strategic Plan
"
ATCM XLIV - CEP XXIV (2022),IP051,ATCM 6b,,,Communicating the Antarctic Treaty System to the United Nations,United States,Argentina,Australia,Chile,France,New Zealand,Norway,United Kingdom,,,,,,,X,,,,"Letter to the UN
"
ATCM XLIV - CEP XXIV (2022),IP052,ATCM 4,,,Report of the Depositary Government of the Antarctic Treaty and its Protocol in accordance with Recommendation XIII-2 ,United States,,,,,,,,,,,,,,X,X,X,X,"1. Antarctic Treaty Status Table
2. Environmental Protocol Status Table
3. Annex V Status Table
4. Annex VI Status Table
5. Amendment of Annex II Status Table
6. List of Recommendations/Measures and their approvals
"
ATCM XLIV - CEP XXIV (2022),IP053,CEP 8b,,,On the issue of developing regulatory and methodological provision of the reduction of air pollutant emission sources impact on the Antarctic environment,Belarus,,,,,,,,,,,,,,X,,,X,
ATCM XLIV - CEP XXIV (2022),IP054,CEP 6,,,Australia’s Cleaner Antarctica Strategy,Australia,,,,,,,,,,,,,,X,,,,
ATCM XLIV - CEP XXIV (2022),IP055,ATCM 15,,,Diversity and inclusion in the Australian Antarctic program,Australia,,,,,,,,,,,,,,X,,,,
ATCM XLIV - CEP XXIV (2022),IP056,ATCM 17,,,Feedback on a monitoring conducted on a tourist vessel according to Resolution 9 (2021) ,France,,,,,,,,,,,,,,X,,X,,
ATCM XLIV - CEP XXIV (2022),IP057,ATCM 13,,,"DROMLAN’s efforts to prevent the spread of SARS-CoV-2 virus within the Dronning Maud Land, Antarctica",Germany,India,,,,,,,,,,,,,X,,,,
ATCM XLIV - CEP XXIV (2022),IP058 rev. 1,ATCM 13,,,Efficiently and Safely Conducting Expeditions in the Arctic and Antarctic During the SARS-CoV-2 Pandemic,Germany,,,,,,,,,,,,,,X,,,,
ATCM XLIV - CEP XXIV (2022),IP059,ATCM 13,CEP 8b,,Report on Refurbishment and Modernization of the German Antarctic Receiving Station GARS O’Higgins,Germany,,,,,,,,,,,,,,X,,,,
ATCM XLIV - CEP XXIV (2022),IP060,ATCM 15,,,Information about the German concept paper “Polar Regions in Transition” ,Germany,,,,,,,,,,,,,,X,,,,
ATCM XLIV - CEP XXIV (2022),IP061,ATCM 17,,,Expeditions within Expeditions: Authorizing Non-Governmental Organization Activities Associated with Tourist and other Non-Governmental Expedition Organizers,United States,,,,,,,,,,,,,,X,,,,
ATCM XLIV - CEP XXIV (2022),IP062,ATCM 17,,,Authorization of Science Activities Associated with Tourist and Other Non-governmental Expedition Organizers,United States,,,,,,,,,,,,,,X,,,,
ATCM XLIV - CEP XXIV (2022),IP063,ATCM 15,,,Malaysia’s activities and achievements in  Antarctic research and diplomacy,Malaysia,,,,,,,,,,,,,,X,,,,
ATCM XLIV - CEP XXIV (2022),IP064,ATCM 13,,,Hydrographic and Cartographic Activities of Brazil in the Antarctic Region carried out during the last two campaigns of the Brazilian Antarctic Program (OPERANTAR XXXIX e XL),Brazil,,,,,,,,,,,,,,X,,,,
ATCM XLIV - CEP XXIV (2022),IP065,CEP 9a,,,"Progress in the revision process of the Management Plan for Antarctic Specially Managed Area Nº 1, Admiralty Bay",Brazil,Ecuador,Peru,Poland,United States,,,,,,,,,,X,,,,
ATCM XLIV - CEP XXIV (2022),IP066 rev. 1,CEP 9e,,,"Report of the Joint Inspections’ Program undertaken by Brazil, Ecuador, Peru, Poland, and the United States to the ASMA No. 1 - Admiralty Bay, King George Island",Brazil,Ecuador,Peru,Poland,United States,,,,,,,,,,X,,,,
ATCM XLIV - CEP XXIV (2022),IP068,CEP 11,,,Microplastic Pollution in the Southern Ocean,Switzerland,,,,,,,,,,,,,,X,,,,
ATCM XLIV - CEP XXIV (2022),IP069,ATCM 15,,,Report from Asian Forum of Polar Sciences to the ATCM XLIV,Malaysia,,,,,,,,,,,,,,X,,,,
ATCM XLIV - CEP XXIV (2022),IP070,ATCM 13,,,Energetic modernisation of the German Neumayer-Station III,Germany,,,,,,,,,,,,,,X,,,,
ATCM XLIV - CEP XXIV (2022),IP071,ATCM 15,CEP 7a,,Winter Targeted Observing Periods and Further Plans of the Year of Polar Prediction in the Southern Hemisphere (YOPP-SH),WMO,,,,,,,,,,,,,,X,,,,
ATCM XLIV - CEP XXIV (2022),IP072,ATCM 16,CEP 7a,,Antarctic Climate Change and the Environment: A Decadal Synopsis and Recommendations for Action,SCAR,,,,,,,,,,,,,,X,,,,"Antarctic Climate Change and the Environment: A Decadal Synopsis and Recommendations for Action
"
ATCM XLIV - CEP XXIV (2022),IP073,ATCM 15,,,Troll Observing Network (TONe) – A new research infrastructure supporting Earth System science with data from Dronning Maud Land,Norway,,,,,,,,,,,,,,X,,,,
ATCM XLIV - CEP XXIV (2022),IP074,ATCM 11,CEP 13,,Education and Outreach Activities of the World Climate Research Programme ,WMO,,,,,,,,,,,,,,X,,,,
ATCM XLIV - CEP XXIV (2022),IP075,ATCM 17,,,SCAR Tourism Action Group (Ant-TAG),SCAR,,,,,,,,,,,,,,X,,,,
ATCM XLIV - CEP XXIV (2022),IP076,CEP 11,,,"Wastewater management practices at Antarctic stations: Preliminary survey results
",COMNAP,,,,,,,,,,,,,,X,,,,
ATCM XLIV - CEP XXIV (2022),IP077,CEP 9e,,,A classification system of Antarctic inland aquatic ecosystems,New Zealand,,,,,,,,,,,,,,X,,,,
ATCM XLIV - CEP XXIV (2022),IP078,ATCM 15,,,Update on the Australian Antarctic Strategy and 20 Year Action Plan and major initiatives,Australia,,,,,,,,,,,,,,X,,,,
ATCM XLIV - CEP XXIV (2022),IP079,ATCM 17,,,Competent authorities discussion forum on tourism regulatory activities: report by the convener,Australia,,,,,,,,,,,,,,X,,,,
ATCM XLIV - CEP XXIV (2022),IP080 rev. 1,ATCM 17,,,Data Collection and Reporting on Yachting Activity in Antarctica in 2021-22,United Kingdom,Argentina,Chile,United States,IAATO,,,,,,,,,,X,,,,
ATCM XLIV - CEP XXIV (2022),IP081,CEP 7b,,,Mapping SCAR affiliated research to climate change related science needs identified by the CEP,SCAR,,,,,,,,,,,,,,X,,,,"SCAR Research CEP Science Needs
"
ATCM XLIV - CEP XXIV (2022),IP082,ATCM 18,,,"Preparation of the 45th Meeting Helsinki, 2023
",Finland,,,,,,,,,,,,,,X,,,,
ATCM XLIV - CEP XXIV (2022),IP083,CEP 13,,,"On the Permit to carry out activities in the area of the Antarctic Treaty to the State Institution “Republican Center for Polar Research” during the period 2021-2026
",Belarus,,,,,,,,,,,,,,X,X,X,X,
ATCM XLIV - CEP XXIV (2022),IP084,CEP 10a,,,Definitive eradication of the presence of a Lepidoptera at Carlini Base,Argentina,Germany,,,,,,,,,,,,,X,,,,
ATCM XLIV - CEP XXIV (2022),IP085 rev. 1,ATCM 4,,,Implementation of the National Antarctic Program of Ukraine in the Conditions of Hybrid Warfare and Open Military Aggression of the Russian Federation: Challenges and Lessons Learned,Ukraine,,,,,,,,,,,,,,X,X,X,X,
ATCM XLIV - CEP XXIV (2022),IP086,ATCM 17,,,"Update of the ""Plan Estratégico de Turismo Sustentable de la Provincia de Tierra del Fuego"" (""Strategic Plan for Sustainable Tourism of the Province of Tierra del Fuego"") (PETS-TDF 2025) ",Argentina,,,,,,,,,,,,,,X,X,,,
ATCM XLIV - CEP XXIV (2022),IP087,ATCM 13,,,Report on the 24th edition of the Joint Antarctic Naval Patrol between Argentina and Chile - 2021/2022,Argentina,Chile,,,,,,,,,,,,,X,X,,,
ATCM XLIV - CEP XXIV (2022),IP088,ATCM 4,,,ASOC report to the ATCM,ASOC,,,,,,,,,,,,,,X,X,X,X,
ATCM XLIV - CEP XXIV (2022),IP089,ATCM 16,,,Banning Hydrocarbon Extraction in Antarctica Now: Reducing the Risks and Impacts of Global Climate Change,ASOC,,,,,,,,,,,,,,X,,,,
ATCM XLIV - CEP XXIV (2022),IP090,ATCM 16,CEP 7a,,"Ice Sheet Instability, Long-term Sea-level Rise, and Southern Ocean Acidification: Time for Coordinated Action by Antarctic Treaty Parties
",ASOC,,,,,,,,,,,,,,X,,,,
ATCM XLIV - CEP XXIV (2022),IP091,ATCM 17,CEP 11,,Antarctic tourism policies after the “pandemic pause”,ASOC,,,,,,,,,,,,,,X,,,,
ATCM XLIV - CEP XXIV (2022),IP092,ATCM 17,,,Developments to enhance the safety of pleasure yachts and fishing boats operating in the Antarctic Treaty area,ASOC,,,,,,,,,,,,,,X,,,,
ATCM XLIV - CEP XXIV (2022),IP093,CEP 8b,,,"Planning process for future capacity expansion of Petrel Base, Cape Welchness, Dundee Island",Argentina,,,,,,,,,,,,,,X,X,,,
ATCM XLIV - CEP XXIV (2022),IP094,ATCM 13,,,"National Antarctic Programs’ operations as the global pandemic continued
",COMNAP,,,,,,,,,,,,,,X,,,,
ATCM XLIV - CEP XXIV (2022),IP095,ATCM 15,CEP 8b,,Progress of glaciological research activities at the Dome Fuji station and its vicinity,Japan,,,,,,,,,,,,,,X,,,,
ATCM XLIV - CEP XXIV (2022),IP096,ATCM 15,,,Japan’s Antarctic Research Highlights 2021- 22,Japan,,,,,,,,,,,,,,X,,,,
ATCM XLIV - CEP XXIV (2022),IP097,CEP 9c,,,"Revised Tourism Management Policy for Vernadsky Station, Galindez Island",Ukraine,,,,,,,,,,,,,,X,,,,"Visitor Guideline for Vernadsky Station, Galindez Island
"
ATCM XLIV - CEP XXIV (2022),IP098,ATCM 19,,,Turkey’s Membership to the COMNAP,Türkiye,,,,,,,,,,,,,,X,,,,
ATCM XLIV - CEP XXIV (2022),IP099,ATCM 15,,,Czechia-Turkey Scientific and Logistic Collaboration in Antarctica,Czechia,Türkiye,,,,,,,,,,,,,X,,,,
ATCM XLIV - CEP XXIV (2022),IP100,CEP 8b,,,Extension of the Use of Turkish Scientific Research Camp,Türkiye,,,,,,,,,,,,,,X,,,,
ATCM XLIV - CEP XXIV (2022),IP101,ATCM 15,,,Turkish Polar Science Workshops,Türkiye,,,,,,,,,,,,,,X,,,,
ATCM XLIV - CEP XXIV (2022),IP102,ATCM 15,,,Bulgaria-Turkey Scientific and Logistic Collaboration in Antarctica,Bulgaria,Türkiye,,,,,,,,,,,,,X,,,,
ATCM XLIV - CEP XXIV (2022),IP103,ATCM 15,,,"A Memorandum of Understanding between the Ministry of Science and Innovation of the Kingdom of Spain and the Scientific and Technological Research Council of Turkey
",Spain,Türkiye,,,,,,,,,,,,,X,,,,
ATCM XLIV - CEP XXIV (2022),IP104,ATCM 15,,,"A Memorandum of Understanding between the Scientific and Technological Research Council of Turkey, Marmara Research Center, Polar Research Institute and the National Institute of Polar Research, the Research Organization of Information and Systems",Japan,Türkiye,,,,,,,,,,,,,X,,,,
ATCM XLIV - CEP XXIV (2022),IP105,ATCM 11,,,Education & Outreach Activities of Turkey in 2021-2022,Türkiye,,,,,,,,,,,,,,X,,,,
ATCM XLIV - CEP XXIV (2022),IP106,ATCM 15,CEP 13,,WMO Unified Data Policy and the Global Basic Observing Network (GBON),WMO,,,,,,,,,,,,,,X,,,,
ATCM XLIV - CEP XXIV (2022),IP107 rev. 1,ATCM 15,CEP 13,,The Southern Ocean contribution to the United Nations Decade of Ocean Science for Sustainable Development,SCAR,Belgium,IAATO,Netherlands,WMO,,,,,,,,,,X,,,,
ATCM XLIV - CEP XXIV (2022),IP108,ATCM 15,CEP 13,,The Ice Memory Programme,France,Italy,,,,,,,,,,,,,X,,,,
ATCM XLIV - CEP XXIV (2022),IP109,ATCM 15,,,II Congreso Internacional “Colombia y su proyección en la Antártica” ,Colombia,,,,,,,,,,,,,,,X,,,
ATCM XLIV - CEP XXIV (2022),IP110,ATCM 13,,,Identificación de peligros de la operación aérea en la Antártida para gestionar la seguridad operacional de la Fuerza Aérea Colombiana - Fase II,Colombia,,,,,,,,,,,,,,,X,,,
ATCM XLIV - CEP XXIV (2022),IP111,ATCM 17,,,Report on Antarctic tourist flows and cruise ships operating in Ushuaia during the 2021/2022 Austral summer season,Argentina,,,,,,,,,,,,,,X,X,,,
ATCM XLIV - CEP XXIV (2022),IP112 rev. 1,CEP 9b,,,Current situation of the impact of climate change on the Sweden Refuge on Snow Hill Island (HSM No. 38),Argentina,Sweden,,,,,,,,,,,,,X,X,,,
ATCM XLIV - CEP XXIV (2022),IP113,ATCM 15,,,Avances del proyecto de generación de un robot submarino para su uso en la Antártida,Ecuador,,,,,,,,,,,,,,,X,,,
ATCM XLIV - CEP XXIV (2022),IP114 rev. 1,ATCM 15,,,Gender approach in the National Antarctic Program of Argentina,Argentina,,,,,,,,,,,,,,X,X,,,
ATCM XLIV - CEP XXIV (2022),IP115,ATCM 13,,,Análisis de riesgos de desastres naturales en la zona de influencia de la Estación Científica “Pedro Vicente Maldonado”,Ecuador,,,,,,,,,,,,,,,X,,,
ATCM XLIV - CEP XXIV (2022),IP116,ATCM 10,,,Propuesta ecuatoriana de catálogo de objetos geográficos antárticos,Ecuador,,,,,,,,,,,,,,,X,,,
ATCM XLIV - CEP XXIV (2022),IP117,ATCM 17,,,‘Building Back [and forth] Better’ for Antarctic Tourism: Enduring Concerns in Pursuit of a Strategic Vision ,India,,,,,,,,,,,,,,X,,,,
ATCM XLIV - CEP XXIV (2022),IP118,ATCM 15,,,"General overview regarding
the “XXXII Meeting of Managers of Latin American Antarctic Programs” (RAPAL)
",Uruguay,Argentina,Brazil,Chile,Ecuador,Peru,Colombia,Venezuela,,,,,,,X,X,,,
ATCM XLIV - CEP XXIV (2022),IP119,ATCM 15,,,Switzerland’s contribution to snow research in Antarctica 2011-2021,Switzerland,,,,,,,,,,,,,,X,,,,
ATCM XLIV - CEP XXIV (2022),IP120,CEP 9a,,,Exploring the possibilities for the designation of Barrientos (Aitcho) Island as an ASMA,Ecuador,,,,,,,,,,,,,,X,,,,
ATCM XLIV - CEP XXIV (2022),IP121,CEP 4,,,Committee for Environmental Protection (CEP): summary of activities during the 2021/22 intersessional period,Norway,,,,,,,,,,,,,,X,,,,
ATCM XLIV - CEP XXIV (2022),IP122,ATCM 15,CEP 10c,,Group-size effect on vigilance and flight initiation distances of Adélie penguins in south-eastern Antarctica,China,,,,,,,,,,,,,,X,,,,"Group-size effect on vigilance and flight initiation distances of Adélie penguins in south-eastern Antarctica
"
ATCM XLIV - CEP XXIV (2022),IP123,CEP 10b,,,The Case of Polar Bears Conservation informed by Climate Models and the Potential Similar Case of Emperor Penguins,China,,,,,,,,,,,,,,X,,,,"Emperor penguin numbers rise as biologists petition for IUCN Red List upgrade
How are polar bears doing 15 years after the IUCN declared them ‘vulnerable’ to extinction?
information about the author
"
ATCM XLIV - CEP XXIV (2022),IP124,ATCM 6b,,,"Organización en Ecuador de la XXXIII Reunión de Administradores de Programas Antárticos Latinoamericanos- RAPAL 2022
",Ecuador,,,,,,,,,,,,,,,X,,,
ATCM XLIV - CEP XXIV (2022),IP125,ATCM 15,,,Actividad de Chile en Glaciar Unión,Chile,,,,,,,,,,,,,,,X,,,
ATCM XLIV - CEP XXIV (2022),IP126,ATCM 11,,,Actividades en Educación y Comunicación Antártica,Chile,,,,,,,,,,,,,,,X,,,
ATCM XLIV - CEP XXIV (2022),IP127,CEP 9a,,,"Revisión del estado de la Zona Antártica Especialmente Protegida No. 144, bahía Chile (bahía Discovery)",Chile,,,,,,,,,,,,,,,X,,,
ATCM XLIV - CEP XXIV (2022),IP128,CEP 9a,,,"Analysis of the current status of the Antarctic Specially Protected Area No. 144, Chile Bay (Discovery Bay), Greenwich Island
",Chile,,,,,,,,,,,,,,X,X,,,
ATCM XLIII - CEP XXIII (2021),IP001,ATCM 14,CEP 12,,"United States Report of Inspection, February 2020",United States,,,,,,,,,,,,,,X,,,,"2020 United States Antarctic Inspection
"
ATCM XLIII - CEP XXIII (2021),IP002,ATCM 4,,,Report of the Depositary Government of the Antarctic Treaty and its Protocol in accordance with Recommendation XIII-2,United States,,,,,,,,,,,,,,X,X,X,X,"1. Antarctic Treaty Status Table
2. Environmental Protocol Status Table
3. Annex V Status Table
4. Annex VI Status Table
5. List of Recommendations / Measures and their approvals
"
ATCM XLIII - CEP XXIII (2021),IP003,ATCM 4,,,Report by the CCAMLR Observer to the Forty Third Antarctic Treaty Consultative Meeting,CCAMLR,,,,,,,,,,,,,,X,X,X,X,
ATCM XLIII - CEP XXIII (2021),IP004,ATCM 13,ATCM 4,,Report by the International Hydrographic Organization (IHO),IHO,,,,,,,,,,,,,,X,X,X,X,
ATCM XLIII - CEP XXIII (2021),IP005,ATCM 6a,,,"On the issue of consideration of the application of the Republic of Belarus for obtaining the status of a Consultative Party
",Belarus,,,,,,,,,,,,,,X,X,X,X,
ATCM XLIII - CEP XXIII (2021),IP006,CEP 10a,,,Horizon scanning exercise to identify likely invasive non-native species in the Antarctic Peninsula region,United Kingdom,,,,,,,,,,,,,,X,,,,
ATCM XLIII - CEP XXIII (2021),IP007,ATCM 17,CEP 6,,Report on Environmental Remediation,United Kingdom,,,,,,,,,,,,,,X,,,,
ATCM XLIII - CEP XXIII (2021),IP008,ATCM 6b,,,"Report of Antarctic Parliamentarians Assembly 2-3 December 2019: London
",United Kingdom,,,,,,,,,,,,,,X,,,,"Assembly Statement
"
ATCM XLIII - CEP XXIII (2021),IP009,ATCM 15a,CEP 11,,Time-lapse camera monitoring of species in the Antarctic Treaty area,United Kingdom,,,,,,,,,,,,,,X,,,,
ATCM XLIII - CEP XXIII (2021),IP010 rev. 1,ATCM 4,,,"Report by the United Kingdom as Depositary Government for the Convention for the Conservation of Antarctic Seals (CCAS) in Accordance with Recommendation XIII-2, Paragraph 2(d) 2018/19 and 2019/20",United Kingdom,,,,,,,,,,,,,,X,X,X,X,
ATCM XLIII - CEP XXIII (2021),IP011,ATCM 4,CEP 5,,"Annual Report for 2020/21 of the Council of Managers of National Antarctic Programs (COMNAP)
",COMNAP,,,,,,,,,,,,,,X,X,X,X,
ATCM XLIII - CEP XXIII (2021),IP012,ATCM 9,,,Antarctic Bioprospecting: SCAR Survey of Member Countries,SCAR,,,,,,,,,,,,,,X,,,,
ATCM XLIII - CEP XXIII (2021),IP013,ATCM 17,,,A case of fruitful cooperation between Chile and Ukraine National Competent Authorities regarding yacht’s activity in Antarctica,Chile,Ukraine,,,,,,,,,,,,,X,,,,
ATCM XLIII - CEP XXIII (2021),IP014,CEP 13,,,Antarctic wilderness and inviolate areas,Australia,Netherlands,New Zealand,,,,,,,,,,,,X,,,,
ATCM XLIII - CEP XXIII (2021),IP015,ATCM 14,CEP 12,,Australian Antarctic Treaty and Environmental Protocol inspections: January/February 2020,Australia,,,,,,,,,,,,,,X,,,,"Inspection Report
"
ATCM XLIII - CEP XXIII (2021),IP016,CEP 7a,,,A custom Green Star Antarctic Tool: A sustainable design standard,New Zealand,,,,,,,,,,,,,,X,,,,
ATCM XLIII - CEP XXIII (2021),IP017,CEP 12,,,On the activities of the Republic of Belarus to implement the environmental principles of the Madrid Protocol of 1991 in 2019-2021,Belarus,,,,,,,,,,,,,,X,X,X,X,
ATCM XLIII - CEP XXIII (2021),IP018,CEP 10c,,,Operationalizing the use of Unmanned Aerial Vehicles (UAV) for assessing Antarctic wildlife populations,Germany,,,,,,,,,,,,,,X,,,,
ATCM XLIII - CEP XXIII (2021),IP019,CEP 10c,,,Managing the Effects of Anthropogenic Noise in the Antarctic – Steps towards the development of an underwater noise protection concept for ‘Antarctica’,Germany,,,,,,,,,,,,,,X,,,,
ATCM XLIII - CEP XXIII (2021),IP020 rev. 1,CEP 10c,,,"Assessment of communication masking in Antarctic marine mammals by airgun sound
",Germany,,,,,,,,,,,,,,X,,,,
ATCM XLIII - CEP XXIII (2021),IP021,CEP 11,,,A step towards a structured sample and data collection of environmental contamination in the Antarctic,Germany,Italy,,,,,,,,,,,,,X,,,,
ATCM XLIII - CEP XXIII (2021),IP022 rev. 1,CEP 10b,,,Projections of future population decline indicate the need to designate the emperor penguin as an Antarctic Specially Protected Species,SCAR,,,,,,,,,,,,,,X,,,,
ATCM XLIII - CEP XXIII (2021),IP023,CEP 9e,,,"Important Bird Areas and Antarctic Specially Protected Areas: Toward the development of selection criteria
",Australia,Germany,New Zealand,Norway,Spain,United Kingdom,United States,,,,,,,,X,,,,
ATCM XLIII - CEP XXIII (2021),IP024,CEP 10c,,,"Important Marine Mammal Areas (IMMAS) within the Antarctic Treaty area: An international collaboration to inform habitat-related conservation decision-making and conservation planning for marine mammal species
",IUCN,SCAR,,,,,,,,,,,,,X,,,,
ATCM XLIII - CEP XXIII (2021),IP025,ATCM 15a,,,Report of the Asian Forum for Polar Sciences (AFoPS) 2019–2021,Japan,,,,,,,,,,,,,,X,,,,
ATCM XLIII - CEP XXIII (2021),IP026,ATCM 15a,,,"Actividades del Programa Nacional Antártico de Perú Período 2020 - 2021
",Peru,,,,,,,,,,,,,,,X,,,
ATCM XLIII - CEP XXIII (2021),IP027,ATCM 15a,,,Expedición Científica del Perú a la Antártida,Peru,,,,,,,,,,,,,,,X,,,
ATCM XLIII - CEP XXIII (2021),IP028,ATCM 18,CEP 15,,Proposal of Finland to host the 45. ATCM in Helsinki in 2023,Finland,,,,,,,,,,,,,,X,,,,
ATCM XLIII - CEP XXIII (2021),IP029 rev. 1,ATCM 4,CEP 5,,The Scientific Committee on Antarctic Research Annual Report 2021 to the Antarctic Treaty Consultative Meeting XLIII,SCAR,,,,,,,,,,,,,,X,X,X,X,"SCAR Annual Report Infographic
"
ATCM XLIII - CEP XXIII (2021),IP030,CEP 8b,,,Information provision of quantitative assessment of cumulative air impacts in the framework of environmental impact assessment in Antarctica,Belarus,,,,,,,,,,,,,,X,,,X,
ATCM XLIII - CEP XXIII (2021),IP031,ATCM 15a,CEP 11,,Breeding of seabirds insensitive to shifting ocean temperatures,Portugal,Canada,New Zealand,South Africa,United Kingdom,,,,,,,,,,X,,,,
ATCM XLIII - CEP XXIII (2021),IP032,ATCM 11,CEP 13,,Education and outreach by the Antarctic Treaty Parties under ATCM framework: a review,Portugal,Belgium,Bulgaria,United Kingdom,,,,,,,,,,,X,,,,
ATCM XLIII - CEP XXIII (2021),IP033,ATCM 11,CEP 13,,Celebrating Magellan and Elcano,Portugal,Spain,,,,,,,,,,,,,X,X,,,
ATCM XLIII - CEP XXIII (2021),IP034,CEP 11,,,Using treated wastewater for hydroponic cultivation of vegetables in the Antarctic,Portugal,Bulgaria,,,,,,,,,,,,,X,,,,
ATCM XLIII - CEP XXIII (2021),IP035,CEP 10a,,,"Progress and plan towards eradication of the Non-native flies in King George Island, South Shetland Islands",Chile,Korea (ROK),Russian Federation,Uruguay,,,,,,,,,,,X,,,,"Genetic variability analyses of Non-native files
"
ATCM XLIII - CEP XXIII (2021),IP036,ATCM 13,,,The response of the Italian National Antarctic Program to COVID-19 pandemic in the 2020-2021 expedition,Italy,,,,,,,,,,,,,,X,,,,
ATCM XLIII - CEP XXIII (2021),IP037,ATCM 15a,CEP 10a,,"Seeds for Future. Global Wild Plant Seed Vault
",Italy,,,,,,,,,,,,,,X,,,,
ATCM XLIII - CEP XXIII (2021),IP038,ATCM 13,,,Report on the 23rd edition of the Joint Antarctic Naval Patrol between Argentina and Chile - 2020/2021,Chile,Argentina,,,,,,,,,,,,,X,X,,,
ATCM XLIII - CEP XXIII (2021),IP039,ATCM 13,,,Report on the tasks completed by the Naval Hydrographic Service in Antarctica 2020/21,Argentina,,,,,,,,,,,,,,X,X,,,
ATCM XLIII - CEP XXIII (2021),IP040,ATCM 15a,,,Malaysia’s activities and achievements in Antarctic research and diplomacy,Malaysia,,,,,,,,,,,,,,X,,,,
ATCM XLIII - CEP XXIII (2021),IP041,ATCM 6b,,,A review of the activities conducted by Italy in support of the established CCAMLR Ross Sea Region Marine Protected Area (RSRMPA),Italy,,,,,,,,,,,,,,X,,,,
ATCM XLIII - CEP XXIII (2021),IP042,ATCM 13,,,Chile’s experience in the implementation of the COVID-19 protocol for control and monitoring ,Chile,,,,,,,,,,,,,,X,X,,,
ATCM XLIII - CEP XXIII (2021),IP043,ATCM 15a,,,Gender Agenda of the Chilean Scientific Program,Chile,,,,,,,,,,,,,,X,X,,,
ATCM XLIII - CEP XXIII (2021),IP044,ATCM 11,,,Antarctic Communication and Education in a Pandemic Year,Chile,,,,,,,,,,,,,,X,X,,,
ATCM XLIII - CEP XXIII (2021),IP045,ATCM 15a,,,"Diversity in Polar Science Initiative: Polar Horizons
",United Kingdom,,,,,,,,,,,,,,X,,,,"Polar Horizons - How-to Guide
"
ATCM XLIII - CEP XXIII (2021),IP046,ATCM 16,,,Latitudinal network of multiparametric stations in Antarctica and Climate Change Observatory,Chile,,,,,,,,,,,,,,X,X,,,"Brochure Climate Change Observatory
"
ATCM XLIII - CEP XXIII (2021),IP047,CEP 10a,,,Potential for zoonotic transmission of SARS-CoV-2 from humans to Antarctic wildlife,Chile,,,,,,,,,,,,,,X,X,,,
ATCM XLIII - CEP XXIII (2021),IP048,CEP 10c,,,Second Edition of the Wildlife Awareness Manual,United Kingdom,Germany,IAATO,,,,,,,,,,,,X,,,,
ATCM XLIII - CEP XXIII (2021),IP049 rev. 1,CEP 10c,,,The Retrospective Analysis of Antarctic Tracking Data identifies Areas of Ecological Significance in the Southern Ocean,SCAR,,,,,,,,,,,,,,X,,,,
ATCM XLIII - CEP XXIII (2021),IP050,ATCM 15a,,,Chilean Antarctic Science Program (PROCIEN) and challenges of the 2020-2025 Five-Year Plan,Chile,,,,,,,,,,,,,,X,X,,,
ATCM XLIII - CEP XXIII (2021),IP051,ATCM 15a,CEP 8b,,Current glaciological research activities at the Dome Fuji station and its vicinity,Japan,,,,,,,,,,,,,,X,,,,
ATCM XLIII - CEP XXIII (2021),IP052,ATCM 15a,,,Australian Antarctic Science Program 2019-20 and 2020-21,Australia,,,,,,,,,,,,,,X,,,,
ATCM XLIII - CEP XXIII (2021),IP053,CEP 9a,,,"Initiation of the review of the Management Plan for Antarctic Specially Protected Area No. 126 Byers Peninsula, Livingston Island, South Shetland Islands",United Kingdom,Chile,Spain,,,,,,,,,,,,X,,,,
ATCM XLIII - CEP XXIII (2021),IP054,ATCM 17,,,Data Collection and Reporting on Yachting Activity in Antarctica in 2019-20 and 2020-21,United Kingdom,Argentina,Chile,IAATO,,,,,,,,,,,X,,,,
ATCM XLIII - CEP XXIII (2021),IP055,CEP 10a,,,Risks of COVID-19 to Antarctic Wildlife,SCAR,,,,,,,,,,,,,,X,,,,
ATCM XLIII - CEP XXIII (2021),IP056,ATCM 13,,,Mitigation of erosion of the coastline at the Spanish Antarctic Base Gabriel de Castilla,Spain,,,,,,,,,,,,,,X,X,X,X,
ATCM XLIII - CEP XXIII (2021),IP057,ATCM 13,,,"Implementation of the IMO Polar Code in Spain. Certification of the Research Vessel (RV) Sarmiento de Gamboa
",Spain,,,,,,,,,,,,,,X,X,X,X,
ATCM XLIII - CEP XXIII (2021),IP058,ATCM 17,,,"Competent Authorities discussion forum on tourism regulatory activities: report by the convener
",Australia,,,,,,,,,,,,,,X,,,,
ATCM XLIII - CEP XXIII (2021),IP059,ATCM 13,,,"COMNAP Antarctic Aviation Project: Update
",COMNAP,,,,,,,,,,,,,,X,,,,
ATCM XLIII - CEP XXIII (2021),IP060 rev. 1,CEP 10c,,,State of Antarctic Penguins 2020 Report,SCAR,,,,,,,,,,,,,,X,,,,
ATCM XLIII - CEP XXIII (2021),IP061,ATCM 13,,,Concept study for Troll station,Norway,,,,,,,,,,,,,,X,,,,
ATCM XLIII - CEP XXIII (2021),IP062,ATCM 17,,,Norwegian supervision scheme for Antarctic cruise operators,Norway,,,,,,,,,,,,,,X,,,,
ATCM XLIII - CEP XXIII (2021),IP063,ATCM 11,,,Education & Outreach Activities of Turkey in 2020-2021,Türkiye,,,,,,,,,,,,,,X,,,,
ATCM XLIII - CEP XXIII (2021),IP064,ATCM 11,,,Polar Research Projects Contest for High School Students in Turkey,Türkiye,,,,,,,,,,,,,,X,,,,
ATCM XLIII - CEP XXIII (2021),IP065,ATCM 15a,,,The Letter of Endorsement between the Association of Polar Early Career Scientists (APECS) and APECS National Committee of Turkey,Türkiye,,,,,,,,,,,,,,X,,,,
ATCM XLIII - CEP XXIII (2021),IP066,ATCM 15a,,,"The Fifth Turkish Antarctic Expedition (TAE-V)
",Türkiye,,,,,,,,,,,,,,X,,,,
ATCM XLIII - CEP XXIII (2021),IP067,ATCM 6b,,,New Legislation for Turkish Polar Scientific Expeditions,Türkiye,,,,,,,,,,,,,,X,,,,
ATCM XLIII - CEP XXIII (2021),IP068,ATCM 15a,,,Turkey’s Membership to the European Polar Board,Türkiye,,,,,,,,,,,,,,X,,,,
ATCM XLIII - CEP XXIII (2021),IP069,ATCM 15a,,,Turkey’s Full Membership to the SCAR,Türkiye,,,,,,,,,,,,,,X,,,,
ATCM XLIII - CEP XXIII (2021),IP070,ATCM 15a,,,The Turkish Academy of Sciences Young Scientists Award Programme Polar Studies Prize,Türkiye,,,,,,,,,,,,,,X,,,,
ATCM XLIII - CEP XXIII (2021),IP071,ATCM 15a,,,"A Letter of Intent between the Scientific and Technological Research Council of Turkey, Marmara Research Center, Polar Research Institute and the Korea Polar Research Institute",Türkiye,Korea (ROK),,,,,,,,,,,,,X,,,,
ATCM XLIII - CEP XXIII (2021),IP072,ATCM 15a,,,"A Memorandum of Understanding between the Scientific and Technological Research Council of Turkey, Marmara Research Center, Polar Research Institute and the Bulgarian Antarctic Institute",Türkiye,Bulgaria,,,,,,,,,,,,,X,,,,
ATCM XLIII - CEP XXIII (2021),IP073,ATCM 15a,,,"A Memorandum of Understanding between the Scientific and Technological Research Council of Turkey, Marmara Research Center, Polar Research Institute and the State Institution National Antarctic Scientific Centre of Ukraine",Türkiye,Ukraine,,,,,,,,,,,,,X,,,,
ATCM XLIII - CEP XXIII (2021),IP074,ATCM 15a,,,Antarctic Publications by Turkish Scientists (2020/2021 Update),Türkiye,,,,,,,,,,,,,,X,,,,
ATCM XLIII - CEP XXIII (2021),IP075,ATCM 11,,,Training Book for the Turkish Scientific Polar Expeditions,Türkiye,,,,,,,,,,,,,,X,,,,
ATCM XLIII - CEP XXIII (2021),IP076,ATCM 15a,,,Project Calls and Evaluation Processes in Turkish Antarctic Expeditions,Türkiye,,,,,,,,,,,,,,X,,,,
ATCM XLIII - CEP XXIII (2021),IP077,ATCM 15a,CEP 9d,,Observing the Changing Southern Ocean and its Global Connections,United States,,,,,,,,,,,,,,X,,,,
ATCM XLIII - CEP XXIII (2021),IP078,ATCM 15a,,,Delivering the Promise of Antarctic Science through Inclusiveness and Diversity,United States,United Kingdom,,,,,,,,,,,,,X,,,,
ATCM XLIII - CEP XXIII (2021),IP079,ATCM 15a,,,High-precision Map of Antarctic Ice Sheet Bed Topography,United States,,,,,,,,,,,,,,X,,,,
ATCM XLIII - CEP XXIII (2021),IP080,ATCM 4,,,ASOC Report to the ATCM,ASOC,,,,,,,,,,,,,,X,X,X,X,
ATCM XLIII - CEP XXIII (2021),IP081,ATCM 6b,CEP 13,,The Madrid Protocol at Thirty: Where Do We Go From Here?,ASOC,,,,,,,,,,,,,,X,,,,
ATCM XLIII - CEP XXIII (2021),IP082,ATCM 15a,ATCM 6b,,"National Antarctic Programs’ operations during an unprecedented Antarctic season 
",COMNAP,,,,,,,,,,,,,,X,,,,
ATCM XLIII - CEP XXIII (2021),IP083,ATCM 4,,,Report of the Depositary Government for the Convention on the Conservation of Antarctic Marine Living Resources (CCAMLR),Australia,,,,,,,,,,,,,,X,X,X,X,
ATCM XLIII - CEP XXIII (2021),IP084,ATCM 4,,,Report of the Depositary Government for the Agreement on the Conservation of Albatrosses and Petrels (ACAP),Australia,,,,,,,,,,,,,,X,X,X,X,
ATCM XLIII - CEP XXIII (2021),IP085,ATCM 15a,,,Japan’s Antarctic Research Highlights 2020–21,Japan,,,,,,,,,,,,,,X,,,,
ATCM XLIII - CEP XXIII (2021),IP086,ATCM 17,,,Closing of the Arctowski Polish Antarctic Station for tourist traffic due to the COVID-19 pandemic and the ongoing renovation of station facilities ,Poland,,,,,,,,,,,,,,X,,,,
ATCM XLIII - CEP XXIII (2021),IP087,ATCM 15a,,,"Polish-Russian Collaboration in East Antarctica
",Poland,Russian Federation,,,,,,,,,,,,,X,,,,
ATCM XLIII - CEP XXIII (2021),IP088,CEP 10a,,,"Non-native species Trichocera maculipennis (Diptera) eradication from Arctowski Polish Antarctic Station, Western Shore of Admiralty Bay, King George Island, South Shetland Islands – update 2020/2021",Poland,,,,,,,,,,,,,,X,,,,
ATCM XLIII - CEP XXIII (2021),IP089,CEP 10a,,,"Eradication of a non-native grass Poa annua L. from the Western Shore of Admiralty Bay, King George Island, South Shetland Islands – update 2020/2021",Poland,,,,,,,,,,,,,,X,,,,
ATCM XLIII - CEP XXIII (2021),IP090,ATCM 6b,,,"Adoption of the Polish Polar Policy. From Past Expeditions to Future Challenges
",Poland,,,,,,,,,,,,,,X,,,,
ATCM XLIII - CEP XXIII (2021),IP091,CEP 8a,,,"The Initial Responses to the Comments on the Draft CEE for the Construction and Operation of the Turkish Antarctic Research Station (TARS) at Horseshoe Island, Antarctica",Türkiye,,,,,,,,,,,,,,X,,,,
ATCM XLIII - CEP XXIII (2021),IP092,ATCM 13,,,Autonomous Science Operations at Halley Research Station,United Kingdom,,,,,,,,,,,,,,X,,,,
ATCM XLIII - CEP XXIII (2021),IP093,ATCM 4,CEP 5,,WMO Annual Report,WMO,,,,,,,,,,,,,,X,X,X,X,
ATCM XLIII - CEP XXIII (2021),IP094,ATCM 15a,,,Winter Targeted Observing Periods and Further Plans of the Year of Polar Prediction in the Southern Hemisphere (YOPP-SH),WMO,,,,,,,,,,,,,,X,,,,
ATCM XLIII - CEP XXIII (2021),IP095,ATCM 15a,CEP 5,,Antarctic Regional Climate Centre Network: the scope and concept,WMO,,,,,,,,,,,,,,X,,,,"WMO AntRCC Appendix
"
ATCM XLIII - CEP XXIII (2021),IP096,ATCM 17,CEP 8b,,"Framework for assessing ‘New, Novel or Particularly Concerning Activities’",United Kingdom,,,,,,,,,,,,,,X,,,,
ATCM XLIII - CEP XXIII (2021),IP097,CEP 8b,,,Update and CEE Compliance Report: Rothera Wharf Reconstruction and Coastal Stabilisation Project ,United Kingdom,,,,,,,,,,,,,,X,,,,
ATCM XLIII - CEP XXIII (2021),IP098,CEP 10a,,,Detection and eradication of a non-native Lepidoptera incursion in a food deposit at Carlini Station,Argentina,Germany,,,,,,,,,,,,,X,,,,
ATCM XLIII - CEP XXIII (2021),IP099,CEP 9c,,,Tourism Management Policy for Esperanza Antarctic Station,Argentina,,,,,,,,,,,,,,X,X,,,"Visitor guideline for Esperanza Station
"
ATCM XLIII - CEP XXIII (2021),IP100,CEP 9e,,,Deception Island Antarctic Specially Managed Area (ASMA No. 4) – 2019/2021 Management report,Argentina,Chile,Norway,Spain,United Kingdom,United States,ASOC,IAATO,,,,,,,X,,,,
ATCM XLIII - CEP XXIII (2021),IP101,CEP 9e,,,Evaluation of Ecosystem Services and preliminary identification of their trade-offs,Spain,,,,,,,,,,,,,,X,X,,,
ATCM XLIII - CEP XXIII (2021),IP102,CEP 8a,,,"Preparation of a Comprehensive Environmental Evaluation for the proposed construction and operation of an aerodrome near Australia’s Davis research station 
(the Davis Aerodrome Project)
",Australia,,,,,,,,,,,,,,X,,,,
ATCM XLIII - CEP XXIII (2021),IP103,ATCM 13,,,"
Modernisation of Australia’s Antarctic Program
",Australia,,,,,,,,,,,,,,X,,,,"Davis Aerodrome Project Fact Sheet
"
ATCM XLIII - CEP XXIII (2021),IP104,ATCM 17,CEP 9e,,Guidance on Short Overnight Stays: Consistency and Coordination through Knowledge Sharing,United States,Canada,,,,,,,,,,,,,X,,,,"Attachment A: Questionnaire
"
ATCM XLIII - CEP XXIII (2021),IP105,ATCM 6b,,,Notification of the Intention of Canada to request recognition of Consultative Party status,Canada,,,,,,,,,,,,,,X,,X,,
ATCM XLIII - CEP XXIII (2021),IP106,CEP 13,,,The Ice Memory Programme,France,Italy,,,,,,,,,,,,,X,,,,
ATCM XLIII - CEP XXIII (2021),IP107,ATCM 15a,,,"Report about 2020-2021  Antarctic Summer Campaign Uruguayan National Antarctic Program
",Uruguay,,,,,,,,,,,,,,X,,,,
ATCM XLIII - CEP XXIII (2021),IP108,ATCM 13,,,Protocolo sanitario aplicable a ciudadanos nacionales y extranjeros que participaron de actividades en la Campaña Antártica 2020-2021 ,Uruguay,,,,,,,,,,,,,,,X,,,
ATCM XLIII - CEP XXIII (2021),IP109,ATCM 17,ATCM 4,,Report of the International Association of Antarctica Tour Operators 2020-21,IAATO,,,,,,,,,,,,,,X,X,X,X,
ATCM XLIII - CEP XXIII (2021),IP110,ATCM 17,,,"IAATO Overview of Antarctic Tourism: A Historical Review of Growth, the 2020-21 Season, and Preliminary Estimates for 2021-22
",IAATO,,,,,,,,,,,,,,X,,,,
ATCM XLIII - CEP XXIII (2021),IP111,ATCM 17,CEP 9c,,A Five-Year Overview and 2020–21 Season Report on IAATO Operator Use of Antarctic Peninsula Landing Sites and ATCM Visitor Site Guidelines,IAATO,,,,,,,,,,,,,,X,,,,
ATCM XLIII - CEP XXIII (2021),IP112,ATCM 15a,,,Avances en la participación de Colombia en el SCAR,Colombia,,,,,,,,,,,,,,,X,,,
ATCM XLIII - CEP XXIII (2021),IP113,ATCM 15a,CEP 13,,"Adhesión de Colombia al Protocolo del Tratado Antártico sobre Protección del Medio Ambiente: Retos y Oportunidades
",Colombia,,,,,,,,,,,,,,,X,,,
ATCM XLIII - CEP XXIII (2021),IP114,ATCM 11,,,Primer Congreso Internacional “Colombia y su proyección en la Antártida”,Colombia,,,,,,,,,,,,,,,X,,,
ATCM XLIII - CEP XXIII (2021),IP115,ATCM 15a,,,"VII Expedición Científica de Colombia a la Antártica, verano austral 2020-2021
",Colombia,,,,,,,,,,,,,,,X,,,
ATCM XLIII - CEP XXIII (2021),IP116,ATCM 15a,,,"Determinación del aporte de la presión Atmosférica sobre las variaciones del nivel del mar en la Antártica, verano austral 2020-2021
",Colombia,Ecuador,,,,,,,,,,,,,,X,,,
ATCM XLIII - CEP XXIII (2021),IP117,ATCM 6b,,,"Colombia, Miembro Observador del Consejo de Administradores de los Programas Antárticos Nacionales (COMNAP)",Colombia,,,,,,,,,,,,,,,X,,,
ATCM XLIII - CEP XXIII (2021),IP118,ATCM 13,,,Implementación de una Turbina Eólica en la Antártica,Colombia,,,,,,,,,,,,,,,X,,,
ATCM XLIII - CEP XXIII (2021),IP119,ATCM 15a,,,Cooperación de Colombia con la Comisión para la Conservación de los Recursos Vivos Marinos Antárticos (CCRVMA): Implementación Voluntaria de la Medida de Conservación 10-05 (2018),Colombia,,,,,,,,,,,,,,,X,,,
ATCM XLIII - CEP XXIII (2021),IP120,ATCM 15a,,,Cooperación Internacional para el Estudio de Mamíferos Marinos en el Pacífico Sudeste y la Antártica,Colombia,,,,,,,,,,,,,,,X,,,
ATCM XLIII - CEP XXIII (2021),IP121,ATCM 6b,,,Fortalecimiento del Programa Antártico Colombiano (PAC),Colombia,,,,,,,,,,,,,,,X,,,
ATCM XLIII - CEP XXIII (2021),IP122,ATCM 11,,,"Resultados XIX Encuentro de Historiadores Antárticos Latinoamericanos y I Feria de Historia Antártica Latinoamericana

",Colombia,,,,,,,,,,,,,,,X,,,
ATCM XLIII - CEP XXIII (2021),IP123,ATCM 15a,,,"Cooperación entre Colombia y Argentina sobre análisis magnetoeléctrico en tectónica: Instalación de una Estación Geofísica Permanente en la Base Antártica Isla Marambio
",Colombia,,,,,,,,,,,,,,,X,,,
ATCM XLIII - CEP XXIII (2021),IP124,CEP 8b,,,Procedimiento implementado en el marco del Programa Antártico Colombiano para la evaluación de impacto ambiental de las actividades desarrolladas en el área del Tratado Antártico,Colombia,,,,,,,,,,,,,,,X,,,
ATCM XLIII - CEP XXIII (2021),IP125,ATCM 13,,,"Gestión y eliminación de residuos a bordo del buque ARC “20 de Julio”, en el marco de las expediciones científicas de Colombia a la Antártica",Colombia,,,,,,,,,,,,,,,X,,,
ATCM XLIII - CEP XXIII (2021),IP126,ATCM 15a,,,Aportes de Colombia a la Investigación Antártica: Publicaciones Científicas,Colombia,,,,,,,,,,,,,,,X,,,
ATCM XLIII - CEP XXIII (2021),IP127,ATCM 13,,,"Comunicaciones Satelitales de la Fuerza Área Colombiana (FAC) en la Antártica
",Colombia,,,,,,,,,,,,,,,X,,,
ATCM XLIII - CEP XXIII (2021),IP128,ATCM 13,,,"Brazilian Antarctic Operation (OPERANTAR) - OPERANTAR XXXIX (2020/2021) and OPERANTAR XL (2021/2022)
",Brazil,,,,,,,,,,,,,,X,,,,
ATCM XLIII - CEP XXIII (2021),IP129,ATCM 11,,,New Ferraz Station book and stamp,Brazil,,,,,,,,,,,,,,X,,,,
ATCM XLIII - CEP XXIII (2021),IP130,ATCM 13,,,Comandante Ferraz Antarctic Station,Brazil,,,,,,,,,,,,,,X,,,,
ATCM XLIII - CEP XXIII (2021),IP131,ATCM 11,,,PROANTAR Education & Outreach Activities,Brazil,,,,,,,,,,,,,,X,,,,
ATCM XLIII - CEP XXIII (2021),IP132,ATCM 13,,,Brazilian Hydrographic Surveying of Antarctic Waters,Brazil,,,,,,,,,,,,,,X,,,,
ATCM XLIII - CEP XXIII (2021),IP133,CEP 9a,,,"Progress in the revision process of the Management Plan for Antarctic Specially Managed Area Nº 1, Admiralty Bay",Brazil,Ecuador,Peru,Poland,United States,,,,,,,,,,X,,,,
ATCM XLIII - CEP XXIII (2021),IP134,ATCM 13,CEP 9e,,Vigilancia volcánica de la isla Decepción durante la campaña antártica española 2020-2021,Spain,,,,,,,,,,,,,,,X,,,
ATCM XLIII - CEP XXIII (2021),IP135,CEP 9b,,,Development of draft Antarctic Terrestrial and Underwater Archaeology Best Practice guidelines,SCAR,,,,,,,,,,,,,,X,X,X,X,
ATCM XLIII - CEP XXIII (2021),IP136,ATCM 15a,,,The Southern Ocean contribution to the United Nations Decade of Ocean Science for Sustainable Development,SCAR,,,,,,,,,,,,,,X,,,,
ATCM XLIII - CEP XXIII (2021),IP137,CEP 11,,,Persistent Organic Chemicals in Antarctica: A horizon scan of priority challenges,SCAR,,,,,,,,,,,,,,X,,,,
ATCM XLIII - CEP XXIII (2021),IP138,ATCM 13,,,On the work of the Russian Antarctic Expedition during the COVID-19 pandemic: lessons from the 2020–2021 season,Russian Federation,,,,,,,,,,,,,,X,,,X,
ATCM XLIII - CEP XXIII (2021),IP139,ATCM 14,,,Response to Australia's 2019/2020 Inspection Observations,Russian Federation,,,,,,,,,,,,,,X,,,X,
ATCM XLIII - CEP XXIII (2021),IP140,ATCM 17,,,Participation of a Russian scientist in Heritage Expeditions voyage,Russian Federation,,,,,,,,,,,,,,X,,,X,
ATCM XLIII - CEP XXIII (2021),IP141,ATCM 11,,,Celebrating the bicentennial of the discovery of Antarctica,Russian Federation,ASOC,,,,,,,,,,,,,X,,,X,
ATCM XLIII - CEP XXIII (2021),IP142,ATCM 15a,,,Report on the scientific activity of the Argentine Antarctic Institute – 2020,Argentina,,,,,,,,,,,,,,X,X,,,
ATCM XLIII - CEP XXIII (2021),IP143,CEP 4,,,Committee for Environmental Protection (CEP): summary of activities during the 2019/21 intersessional period,Norway,,,,,,,,,,,,,,X,,,,
ATCM XLIII - CEP XXIII (2021),IP144,ATCM 14,CEP 12,,Summary of the intersessional discussion on inspection reports under Article VII of the Antarctic Treaty and Article 14 of the Environment Protocol,Norway,Spain,,,,,,,,,,,,,X,X,,,
ATCM XLIII - CEP XXIII (2021),IP145,ATCM 18,,,"Preparation of the 44 th Meeting - Berlin, 2022",Germany,,,,,,,,,,,,,,X,,,,
