Meeting,No.,Ag. Items,Ag. Items.1,Title,Submitted By,Submitted By.1,Submitted By.2,Submitted By.3,Submitted By.4,Submitted By.5,Submitted By.6,Submitted By.7,Submitted By.8,Submitted By.9,Submitted By.10,Submitted By.11,Submitted By.12,Submitted By.13,Submitted By.14,Submitted By.15,Submitted By.16,Submitted By.17,Submitted By.18,Submitted By.19,Submitted By.20,Submitted By.21,Submitted By.22,Submitted By.23,E,S,F,R,Attachments
ATCM XLV - CEP XXV (2023),WP001,CEP 9a,,"Management Plan for Antarctic Specially Protected Area No.165 Edmonson Point, Wood Bay, Victoria Land, Ross Sea
",Italy,,,,,,,,,,,,,,,,,,,,,,,,X,X,X,X,"ASPA 165 Revised Management Plan
"
ATCM XLV - CEP XXV (2023),WP002 rev. 1,CEP 9a,,"Revised Management Plan for Antarctic Specially Protected Area No. 122 Arrival Heights, Hut Point Peninsula, Ross Island
",United States,,,,,,,,,,,,,,,,,,,,,,,,X,X,X,X,"ASPA 122 Map 1
ASPA 122 Map 2
ASPA 122 Revised Management Plan
"
ATCM XLV - CEP XXV (2023),WP003,ATCM 13,CEP 10a,Surveillance and coordination for the prevention and detection of Highly Pathogenic Avian Influenza in Antarctica,United States,,,,,,,,,,,,,,,,,,,,,,,,X,X,X,X,"U.S. Antarctic Program Highly Pathogenic Avian Influenza Guidance
"
ATCM XLV - CEP XXV (2023),WP004,ATCM 17,,Infrastructure supporting tourism and other non-governmental activities in Antarctica,Netherlands,,,,,,,,,,,,,,,,,,,,,,,,X,X,X,X,"Report of the ICG
"
ATCM XLV - CEP XXV (2023),WP005,CEP 9a,,"Revision of the Management Plan for Antarctic Specially Protected Area (ASPA) No. 108 Green Island, Berthelot Islands, Antarctic Peninsula ",United Kingdom,,,,,,,,,,,,,,,,,,,,,,,,X,X,X,X,"ASPA 108 Revised Management Plan
"
ATCM XLV - CEP XXV (2023),WP006,CEP 9a,,"Revision of the Management Plan for Antarctic Specially Protected Area (ASPA) No. 117, Avian Island, Marguerite Bay, Antarctic Peninsula",United Kingdom,,,,,,,,,,,,,,,,,,,,,,,,X,X,X,X,"ASPA 117 Revised Management Plan
"
ATCM XLV - CEP XXV (2023),WP007,CEP 9a,,"Revision of the Management Plan for Antarctic Specially Protected Area (ASPA) No. 147 Ablation Valley and Ganymede Heights, Alexander Island",United Kingdom,,,,,,,,,,,,,,,,,,,,,,,,X,X,X,X,"ASPA 147 Revised Management Plan
"
ATCM XLV - CEP XXV (2023),WP008,CEP 9a,,"Revision of the Management Plan for Antarctic Specially Protected Area (ASPA) No. 170 Marion Nunataks, Charcot Island, Antarctic Peninsula ",United Kingdom,,,,,,,,,,,,,,,,,,,,,,,,X,X,X,X,"ASPA 170 Revised Management Plan
"
ATCM XLV - CEP XXV (2023),WP009,ATCM 15,CEP 10b,The United States Recognizes the Emperor Penguin as a Threatened Species and Provides Additional Protection for Emperor Penguins,United States,,,,,,,,,,,,,,,,,,,,,,,,X,X,X,X,
ATCM XLV - CEP XXV (2023),WP010,ATCM 15,,Promoting Diversity and Inclusion among Antarctic operators and expeditions,United Kingdom,,,,,,,,,,,,,,,,,,,,,,,,X,X,X,X,
ATCM XLV - CEP XXV (2023),WP011,CEP 9a,,Report on the informal ICG to develop an ASPA Draft Management Plan for Danger Islands Archipelago (North-eastern Antarctic Peninsula),Germany,United States,,,,,,,,,,,,,,,,,,,,,,,X,X,X,X,"Draft Management Plan for ASPA Danger Islands Archipelago
"
ATCM XLV - CEP XXV (2023),WP012,CEP 7b,,Preparation of the next Joint CEP/SC-CAMLR Workshop,France,,,,,,,,,,,,,,,,,,,,,,,,X,X,X,X,
ATCM XLV - CEP XXV (2023),WP013,ATCM 17,,"Dedicated process for the development of a comprehensive and consistent framework for Antarctic tourism and other non-governmental activities
",France,Netherlands,Belgium,Finland,Germany,India,New Zealand,Norway,Poland,Spain,Türkiye,United Kingdom,,,,,,,,,,,,,X,X,X,X,
ATCM XLV - CEP XXV (2023),WP014,CEP 10a,,Review of International Maritime Organization (IMO) and Antarctic Treaty system (ATS) guidelines and agreements concerning ship biofouling and ballast water management,Australia,New Zealand,United Kingdom,,,,,,,,,,,,,,,,,,,,,,X,X,X,X,"Report
"
ATCM XLV - CEP XXV (2023),WP015 rev. 2,ATCM 12a,ATCM 12b,Proposal for an Intersessional Process to Review the Use and Maintenance of the Multi-Year Strategic Work Plan,Australia,Belgium,Netherlands,New Zealand,Norway,Sweden,United States,,,,,,,,,,,,,,,,,,X,X,X,X,
ATCM XLV - CEP XXV (2023),WP016,ATCM 10,,Report of the intersessional contact group to review the Scientific Information in the Electronic Information Exchange System,Spain,,,,,,,,,,,,,,,,,,,,,,,,X,X,X,X,
ATCM XLV - CEP XXV (2023),WP017,CEP 11,,Environmental monitoring: an international framework,Netherlands,France,Belgium,,,,,,,,,,,,,,,,,,,,,,X,X,X,X,
ATCM XLV - CEP XXV (2023),WP018,CEP 11,,Contribution of information to inform State of the Antarctic Environment Reporting (SAER): a potential new SCAR initiative,SCAR,,,,,,,,,,,,,,,,,,,,,,,,X,X,X,X,"Report of the SCAR Ant-ICON Workshops on State of the Environment Reporting (SAER)
"
ATCM XLV - CEP XXV (2023),WP019,ATCM 17,,Urgent measures to be taken with respect to certain tourist and non-governmental activities ,France,Netherlands,,,,,,,,,,,,,,,,,,,,,,,X,X,X,X,
ATCM XLV - CEP XXV (2023),WP020,CEP 9a,,"Revised Management Plan for Antarctic Specially Protected Area No. 137 Northwest White Island, McMurdo Sound
",United States,,,,,,,,,,,,,,,,,,,,,,,,X,X,X,X,"ASPA 137 Map 1
ASPA 137 Revised Management Plan
"
ATCM XLV - CEP XXV (2023),WP021 rev. 1,CEP 4,,Update to the Procedure for CEP consideration of draft CEEs,Norway,Germany,India,,,,,,,,,,,,,,,,,,,,,,X,X,X,X,
ATCM XLV - CEP XXV (2023),WP022,CEP 4,,Nomination and election procedures – CEP Chair,Norway,,,,,,,,,,,,,,,,,,,,,,,,X,X,X,X,"Revised CEP Rules of Procedure
"
ATCM XLV - CEP XXV (2023),WP023,CEP 9a,,"Revised Management Plan for Antarctic Specially Protected Area No. 123 Barwick and Balham Valleys, Southern Victoria Land
",United States,,,,,,,,,,,,,,,,,,,,,,,,X,X,X,X,"ASPA 123 Map 1
ASPA 123 Revised Management Plan
"
ATCM XLV - CEP XXV (2023),WP024,CEP 9a,,"Revised Management Plan for Antarctic Specially Protected Area No. 172 Lower Taylor Glacier and Blood Falls, McMurdo Dry Valleys, Victoria Land
",United States,,,,,,,,,,,,,,,,,,,,,,,,X,X,X,X,"ASPA 172 Map 1
ASPA 172 Map 2
ASPA 172 Revised Management Plan
"
ATCM XLV - CEP XXV (2023),WP025,ATCM 11,,Sixth report of the Intersessional Contact Group on Education and Outreach,Bulgaria,Belgium,Brazil,Chile,COMNAP,Czechia,Finland,IAATO,India,Italy,Korea (ROK),Malaysia,Poland,Portugal,Romania,SCAR,South Africa,Spain,United Kingdom,United States,,,,,X,X,X,X,
ATCM XLV - CEP XXV (2023),WP026,CEP 9a,,"Revised Management Plan for Antarctic Specially Protected Area No. 138 Linnaeus Terrace, Asgard Range, Victoria Land
",United States,,,,,,,,,,,,,,,,,,,,,,,,X,X,X,X,"ASPA 138 Map 1
ASPA 138 Map 2
ASPA 138 Revised Management Plan
"
ATCM XLV - CEP XXV (2023),WP027,CEP 9b,,"Relocation of artefacts from HSM 68: Supply depot, Hell’s Gate Moraine",New Zealand,United Kingdom,Norway,,,,,,,,,,,,,,,,,,,,,,X,X,X,X,"List of artefacts from HSM 68: Supply depot, Hell’s Gate Moraine
"
ATCM XLV - CEP XXV (2023),WP028 rev. 1,CEP 9a,,"Review of the Management Plan for Antarctic Specially Protected Area No.156: Lewis Bay, Mount Erebus, Ross Island ",New Zealand,,,,,,,,,,,,,,,,,,,,,,,,X,X,X,X,"ASPA 156 Map 1
ASPA 156 Map 2
ASPA 156 Revised Management Plan
"
ATCM XLV - CEP XXV (2023),WP029,ATCM 6d,CEP 7a,"Implementation of ACCE Imperatives: A COMNAP perspective
",COMNAP,,,,,,,,,,,,,,,,,,,,,,,,X,X,X,X,
ATCM XLV - CEP XXV (2023),WP030 rev. 2,ATCM 8,,Proposal for an Informal Intersessional Process to Share Information on Domestic Implementation of Annex VI to the Protocol on Environmental Protection to the Antarctic Treaty,Australia,Finland,France,Germany,Netherlands,New Zealand,Norway,Spain,Sweden,United Kingdom,Uruguay,,,,,,,,,,,,,,X,X,X,X,
ATCM XLV - CEP XXV (2023),WP031,ATCM 6d,,Network of Observation Systems,Norway,,,,,,,,,,,,,,,,,,,,,,,,X,X,X,X,
ATCM XLV - CEP XXV (2023),WP032,CEP 8a,,"Report of the intersessional open-ended contact group (ICG) to Review the Draft Comprehensive Environmental Evaluation prepared by Argentina for the ‘Redevelopment of Petrel Station, Dundee Island, Antarctica’",New Zealand,,,,,,,,,,,,,,,,,,,,,,,,X,X,X,X,
ATCM XLV - CEP XXV (2023),WP033,ATCM 15,,"The awareness-raising strategy on equality, diversity and inclusion addressed to the personnel participating in the Antarctic campaigns",Spain,,,,,,,,,,,,,,,,,,,,,,,,X,X,X,X,
ATCM XLV - CEP XXV (2023),WP034,ATCM 17,,More data needed to manage air-supported land-based tourism,Norway,,,,,,,,,,,,,,,,,,,,,,,,X,X,X,X,
ATCM XLV - CEP XXV (2023),WP035,ATCM 6d,,Addressing management implication of loss of sea-ice ,Norway,United Kingdom,,,,,,,,,,,,,,,,,,,,,,,X,X,X,X,
ATCM XLV - CEP XXV (2023),WP036,ATCM 6e,CEP 13,Towards gender-neutral language in the Antarctic Treaty System,Finland,United Kingdom,Spain,Germany,New Zealand,Norway,France,,,,,,,,,,,,,,,,,,X,X,X,X,
ATCM XLV - CEP XXV (2023),WP037 rev. 1,CEP 9a,,"Revised Management Plan for Antarctic Specially Protected Area No. 168 Mount Harding, Grove Mountains, East Antarctica",China,,,,,,,,,,,,,,,,,,,,,,,,X,X,X,X,"ASPA 168 Revised Management Plan
"
ATCM XLV - CEP XXV (2023),WP038 rev. 1,ATCM 6d,CEP 7a,Helsinki Declaration on Climate Change and the Antarctic,Finland,,,,,,,,,,,,,,,,,,,,,,,,X,X,X,X,
ATCM XLV - CEP XXV (2023),WP039,ATCM 6d,,DML-RINGS and Enderby Land RINGS – opening extensive international collaboration to close critical data gaps for sea-level projections,Norway,Germany,Australia,Belgium,China,Finland,India,Japan,Sweden,United States,SCAR,,,,,,,,,,,,,,X,X,X,X,
ATCM XLV - CEP XXV (2023),WP040,CEP 8b,,Improving the Effectiveness of Antarctic Environmental Impact Assessment,United Kingdom,,,,,,,,,,,,,,,,,,,,,,,,X,X,X,X,
ATCM XLV - CEP XXV (2023),WP041,ATCM 17,CEP 11,Monitoring the impacts of human activity in Antarctica,United Kingdom,,,,,,,,,,,,,,,,,,,,,,,,X,X,X,X,
ATCM XLV - CEP XXV (2023),WP042 rev. 1,ATCM 6d,CEP 7a,SCAR updates on Antarctic Climate Change and the Environment,SCAR,,,,,,,,,,,,,,,,,,,,,,,,X,X,X,X,
ATCM XLV - CEP XXV (2023),WP043,ATCM 6d,CEP 7a,The Recommendations of SCAR on Climate Action in the Antarctic: The Finnish Perspective,Finland,,,,,,,,,,,,,,,,,,,,,,,,X,X,X,X,
ATCM XLV - CEP XXV (2023),WP044,ATCM 13,,Aviation in Antarctica: Communication mechanisms to increase safety and reduce risks,Norway,Belgium,Finland,Germany,Japan,Netherlands,Sweden,,,,,,,,,,,,,,,,,,X,X,X,X,
ATCM XLV - CEP XXV (2023),WP045,CEP 9a,,"Revised Management Plan for Antarctic Specially Protected Area No. 149 Cape Shirreff and San Telmo Island, Livingston Island, South Shetland Islands",United States,,,,,,,,,,,,,,,,,,,,,,,,X,X,X,X,"ASPA 149 Map 1
ASPA 149 Map 2
ASPA 149 Map 3
ASPA 149 Revised Management Plan
"
ATCM XLV - CEP XXV (2023),WP046,ATCM 6c,,"Harmonised implementation of the IMO Polar Code
",Argentina,Finland,Norway,,,,,,,,,,,,,,,,,,,,,,X,X,X,X,
ATCM XLV - CEP XXV (2023),WP047,CEP 9a,,Subsidiary Group on Management Plans Report of activities during the intersessional period 2022-2023,India,,,,,,,,,,,,,,,,,,,,,,,,X,X,X,X,"ASPA 179 Parts of Western Sør Rondane Mountains Management Plan
ASPA XXX Bransfield-Dallmann Management Plan
ASPA XXX Bransfield-Dallmann Map 1
ASPA XXX Bransfield-Dallmann Map 2
ASPA XXX Bransfield-Dallmann Map 3
Pictures by scientists of ASPA YYY and the ASPA sites
"
ATCM XLV - CEP XXV (2023),WP048,CEP 7b,,Report of the CEP Subsidiary Group on Climate Change Response (SGCCR) 2022-2023,Germany,,,,,,,,,,,,,,,,,,,,,,,,X,X,X,X,
ATCM XLV - CEP XXV (2023),WP049 rev. 1,CEP 11,,Antarctic Near-shore and Terrestrial Observing System (ANTOS),SCAR,New Zealand,Australia,Italy,Korea (ROK),United States,,,,,,,,,,,,,,,,,,,X,X,X,X,
ATCM XLV - CEP XXV (2023),WP050,CEP 9a,,"Status of Antarctic Specially Protected Area No. 144, Chile Bay (Discovery Bay) ",Chile,,,,,,,,,,,,,,,,,,,,,,,,X,X,X,X,
ATCM XLV - CEP XXV (2023),WP051,CEP 9a,,"Revised Management Plan for Antarctic Specially Protected Area No. 145 Port Foster, Deception Island, South Shetland Islands ",Chile,Spain,,,,,,,,,,,,,,,,,,,,,,,X,X,X,X,"ASPA 145 Revised Management Plan
"
ATCM XLV - CEP XXV (2023),WP052,CEP 10b,,A five-year assessment of the impacts on emperor penguins of low sea-ice extent,United Kingdom,France,Germany,United States,,,,,,,,,,,,,,,,,,,,,X,X,X,X,
ATCM XLV - CEP XXV (2023),WP053,CEP 9b,,HSM No. 93 The Wreck of Endurance: Conservation Management Plan and Future Protection,United Kingdom,,,,,,,,,,,,,,,,,,,,,,,,X,X,X,X,
ATCM XLV - CEP XXV (2023),WP054 rev. 1,CEP 9a,,"Revision of the Management Plan for Antarctic Specially Protected Area (ASPA) No. 132, Potter Peninsula",Argentina,,,,,,,,,,,,,,,,,,,,,,,,X,X,X,X,"ASPA 132 Revised Management Plan
"
ATCM XLV - CEP XXV (2023),WP055,ATCM 6d,ATCM 6e,Reaffirmation of Commitment to Environmental Protocol Article 7,United States,Argentina,Australia,Belgium,Bulgaria,Chile,Czechia,Finland,France,Germany,India,Italy,Japan,Korea (ROK),Netherlands,New Zealand,Norway,Peru,Poland,Spain,Sweden,Ukraine,United Kingdom,Uruguay,X,X,X,X,
ATCM XLV - CEP XXV (2023),WP056,ATCM 13,,Proposal for the improvement of observations of sea ice and icebergs in polar and subpolar waters for the development of nautical safety products by Ice Services,Argentina,,,,,,,,,,,,,,,,,,,,,,,,X,X,X,X,
ATCM XLV - CEP XXV (2023),WP057,ATCM 6e,,Urgent Challenges for the Antarctic Treaty System,Russian Federation,,,,,,,,,,,,,,,,,,,,,,,,X,X,X,X,
ATCM XLV - CEP XXV (2023),WP058,CEP 9a,,"Prior assessment of a proposed Antarctic Specially Protected Area within the Argentine Islands and Kyiv Peninsula area, Antarctic Peninsula",Ukraine,,,,,,,,,,,,,,,,,,,,,,,,X,X,X,X,"ASPA Prior template
"
ATCM XLV - CEP XXV (2023),WP059,CEP 9a,,"Revised Management Plan for Antarctic Specially Managed Area No.1 Admiralty Bay, King George Island
",Brazil,Ecuador,Peru,Poland,United States,,,,,,,,,,,,,,,,,,,,X,X,X,X,"ASMA 1 Revised Management Plan
"
ATCM XLV - CEP XXV (2023),WP060 rev. 1,CEP 9a,,"Draft Antarctic Specially Protected Area Management Plan for Farrier Col, Horseshoe Island, Marguerite Bay",Belgium,Türkiye,United Kingdom,,,,,,,,,,,,,,,,,,,,,,X,X,X,X,"Draft ASPA Farriel Col Management Plan
"
ATCM XLV - CEP XXV (2023),WP061 rev. 1,CEP 8a,,"Draft Comprehensive Environmental Evaluation (CEE) for the renovation of Petrel Base, Dundee Island, Antarctica",Argentina,,,,,,,,,,,,,,,,,,,,,,,,X,X,X,X,"Non-technical summary
"
ATCM XLV - CEP XXV (2023),WP062,CEP 3,,CEP strategic priorities and the 5-year work plan: Outcomes and recommendations from the intersessional discussions and workshop ,Norway,,,,,,,,,,,,,,,,,,,,,,,,X,X,X,X,
ATCM XLIV - CEP XXIV (2022),WP001,CEP 9a,,Revised Management Plan and maps for Antarctic Specially Managed Area No. 7 Southwest Anvers Island and Palmer Basin,United States,,,,,,,,,,,,,,,,,,,,,,,,X,X,X,X,"ASMA 7 Map 1
ASMA 7 Map 10
ASMA 7 Map 11
ASMA 7 Map 12
ASMA 7 Map 13
ASMA 7 Map 14
ASMA 7 Map 15
ASMA 7 Map 16
ASMA 7 Map 17
ASMA 7 Map 18
ASMA 7 Map 2
ASMA 7 Map 3
ASMA 7 Map 4
ASMA 7 Map 5
ASMA 7 Map 6
ASMA 7 Map 7
ASMA 7 Map 8
ASMA 7 Map 9
ASMA 7 Revised Management Plan
"
ATCM XLIV - CEP XXIV (2022),WP002,CEP 9a,,"Revised Management Plan for Antarctic Specially Protected Area No. 149. Cape Shirreff and San Telmo Island, Livingston Island, South Shetland Islands",United States,,,,,,,,,,,,,,,,,,,,,,,,X,X,X,X,"ASPA 149 Map 1
ASPA 149 Map 2
ASPA 149 Map 3
ASPA 149 Revised Management Plan
"
ATCM XLIV - CEP XXIV (2022),WP003,CEP 9a,,"Revised Management Plan for Antarctic Specially Protected Area No. 122. Arrival Heights, Hut Point Peninsula, Ross Island",United States,,,,,,,,,,,,,,,,,,,,,,,,X,X,X,X,"ASPA 122 Map 1
ASPA 122 Map 2
ASPA 122 Revised Management Plan
"
ATCM XLIV - CEP XXIV (2022),WP004,CEP 9a,,"Revised Management Plan for Antarctic Specially Protected Area No. 124. Cape Crozier, Ross Island
",United States,,,,,,,,,,,,,,,,,,,,,,,,X,X,X,X,"ASPA 124 Map 1
ASPA 124 Map 2
ASPA 124 Revised Management Plan
"
ATCM XLIV - CEP XXIV (2022),WP005,CEP 9a,,"Review of the Management Plans for Antarctic Specially Protected Areas (ASPAs) No. 113 Litchfield Island, Arthur Harbor, Palmer Archipelago, No. 119 Davis Valley and Forlidas Pond, Dufek Massif, and No. 139 Biscoe Point, Palmer Archipelago",United States,,,,,,,,,,,,,,,,,,,,,,,,X,X,X,X,"ASPA 113 Map 1
ASPA 113 Map 2
ASPA 113 Revised Management Plan
ASPA 119 Map 1
ASPA 119 Map 2
ASPA 119 Revised Management Plan
ASPA 139 Map 1
ASPA 139 Map 2
ASPA 139 Map 3
ASPA 139 Revised Management Plan
"
ATCM XLIV - CEP XXIV (2022),WP006,CEP 9a,,Revision and merger of the Management Plans for Antarctic Specially Protected Areas No. 152 Western Bransfield Strait and No. 153 Eastern Dallmann Bay,United States,,,,,,,,,,,,,,,,,,,,,,,,X,X,X,X,"ASPA No. XXX Western Bransfield Strait and Eastern Dallmann Bay
ASPA XXX Map 1
ASPA XXX Map 2
ASPA XXX Map 3
"
ATCM XLIV - CEP XXIV (2022),WP007,CEP 4,,ATS webpages providing information on the Subsidiary Groups of the CEP,India,Norway,United Kingdom,,,,,,,,,,,,,,,,,,,,,,X,X,X,X,"Attachment A : Draft text for proposed SGMP webpage
Attachment B: Draft text for proposed SGCCR webpage
"
ATCM XLIV - CEP XXIV (2022),WP008 rev. 1,CEP 9a,,Subsidiary Group on Management Plans Report of activities during the intersessional period 2021-2022,India,,,,,,,,,,,,,,,,,,,,,,,,X,X,X,X,"ASPA 145 Revised Management Plan
"
ATCM XLIV - CEP XXIV (2022),WP009,ATCM 10,,Review of the scientific information contained in the EIES,Spain,,,,,,,,,,,,,,,,,,,,,,,,X,X,X,X,
ATCM XLIV - CEP XXIV (2022),WP010,ATCM 11,,Antarctic Environments Portal,SCAR,,,,,,,,,,,,,,,,,,,,,,,,X,X,X,X,"Antarctic Environments Portal: Content Management Plan
"
ATCM XLIV - CEP XXIV (2022),WP011 rev. 1,CEP 11,,Further steps towards a structured sample and data collection of environmental contamination,Germany,Italy,Australia,United Kingdom,United States,Sweden,,,,,,,,,,,,,,,,,,,X,X,X,X,
ATCM XLIV - CEP XXIV (2022),WP012,CEP 9a,,"Prior assessment of a proposed Antarctic Specially Protected Area at Otto-von-Gruber-Gebirge (Dronning Maud Land, East Antarctica)",Germany,United States,,,,,,,,,,,,,,,,,,,,,,,X,X,X,X,"Attachment A
"
ATCM XLIV - CEP XXIV (2022),WP013,CEP 9a,,Prior assessment of a proposed Antarctic Specially Protected Area at Danger Islands Archipelago (North-eastern Antarctic Peninsula),Germany,United States,,,,,,,,,,,,,,,,,,,,,,,X,X,X,X,"Attachment A
"
ATCM XLIV - CEP XXIV (2022),WP014,CEP 10c,,Do the Environmental Guidelines for operation of Remotely Piloted Air-craft Systems (RPAS) in Antarctica (v 1.1) need to be revised?,Germany,,,,,,,,,,,,,,,,,,,,,,,,X,X,X,X,"Literature Review
"
ATCM XLIV - CEP XXIV (2022),WP015,CEP 9a,,"Proposal for a new Antarctic Specially Protected Area in parts of the Western Sør Rondane Mountains, Dronning Maud Land, East Antarctic",Belgium,,,,,,,,,,,,,,,,,,,,,,,,X,X,X,X,"ASPA YYY. Parts of Western Sør Rondane Mountains, Dronning Maud Land, East Antarctica
"
ATCM XLIV - CEP XXIV (2022),WP016,CEP 7b,,Review of progress in the implementation of the recommendations identified at the Joint CEP/SC-CAMLR Workshop on Climate Change and Monitoring (2016),Argentina,Australia,France,United States,,,,,,,,,,,,,,,,,,,,,X,X,X,X,
ATCM XLIV - CEP XXIV (2022),WP017,ATCM 13,,Additional COMNAP advice in regards to ATCM review of Resolution on Air Safety in Antarctica ,COMNAP,,,,,,,,,,,,,,,,,,,,,,,,X,X,X,X,
ATCM XLIV - CEP XXIV (2022),WP018,ATCM 13,,Report on emergency plans and implementation of natural disaster risk assessment at Antarctic stations,COMNAP,,,,,,,,,,,,,,,,,,,,,,,,X,X,X,X,
ATCM XLIV - CEP XXIV (2022),WP019,CEP 9a,,"Revision of the Management Plan for Antarctic Specially Protected Area (ASPA) No. 164 Scullin and Murray Monoliths, Mac.Robertson Land",Australia,,,,,,,,,,,,,,,,,,,,,,,,X,X,X,X,"ASPA 164 Map A
ASPA 164 Map B
ASPA 164 Map C
ASPA 164 Map D
ASPA 164 Revised Management Plan
"
ATCM XLIV - CEP XXIV (2022),WP020,CEP 9e,,Type localities in Antarctica,Australia,,,,,,,,,,,,,,,,,,,,,,,,X,X,X,X,"Attachment A. Type Localities
"
ATCM XLIV - CEP XXIV (2022),WP021,CEP 13,,Communication of CEP science needs to researchers and national science funding agencies,Norway,United Kingdom,,,,,,,,,,,,,,,,,,,,,,,X,X,X,X,
ATCM XLIV - CEP XXIV (2022),WP022,ATCM 17,CEP 11,Towards adaptive and sustainable management of Antarctic tourism: Monitoring as a key tool for decision-making,Ecuador,Spain,United States,,,,,,,,,,,,,,,,,,,,,,X,X,X,X,
ATCM XLIV - CEP XXIV (2022),WP023,ATCM 11,,Fifth report of the Intersessional Contact Group on Education and Outreach,Bulgaria,Belgium,Brazil,Chile,Portugal,Spain,United Kingdom,,,,,,,,,,,,,,,,,,X,X,X,X,
ATCM XLIV - CEP XXIV (2022),WP024,ATCM 6b,CEP 10b,"An Overview on the Legal Framework on Antarctic Specially Protected Species and Its Application
",China,,,,,,,,,,,,,,,,,,,,,,,,X,X,X,X,
ATCM XLIV - CEP XXIV (2022),WP025,CEP 10c,,Important Marine Mammals Areas (IMMAs),France,United Kingdom,Chile,Germany,Monaco,South Africa,,,,,,,,,,,,,,,,,,,X,X,X,X,
ATCM XLIV - CEP XXIV (2022),WP026,CEP 7b,,Assessing the risk of climate change impacts on Antarctic heritage values,Argentina,New Zealand,Norway,United Kingdom,,,,,,,,,,,,,,,,,,,,,X,X,X,X,
ATCM XLIV - CEP XXIV (2022),WP027,CEP 3,,Revisiting CEP strategic priorities and the CEP Five-Year Work Plan,Norway,,,,,,,,,,,,,,,,,,,,,,,,X,X,X,X,
ATCM XLIV - CEP XXIV (2022),WP028,CEP 9b,,Guidance for Conservation Management Planning for Historic Sites and Monuments in Antarctica,United Kingdom,Australia,New Zealand,Norway,United States,,,,,,,,,,,,,,,,,,,,X,X,X,X,"Guidelines for the assessment and management of Heritage in Antarctica
"
ATCM XLIV - CEP XXIV (2022),WP029,ATCM 16,,Antarctica in a Changing Climate – Implementing ATCM Resolution 8 (2021),United Kingdom,Australia,Belgium,Finland,France,Germany,Netherlands,Norway,Sweden,United States,SCAR,ASOC,,,,,,,,,,,,,X,X,X,X,"COP26 Antarctic Events and briefings
"
ATCM XLIV - CEP XXIV (2022),WP030 rev. 1,ATCM 16,CEP 7a,"Antarctic Climate Change and the Environment: A Decadal Synopsis. Findings and Policy Recommendations
",SCAR,,,,,,,,,,,,,,,,,,,,,,,,X,X,X,X,"ACCE Infographic translations
"
ATCM XLIV - CEP XXIV (2022),WP031 rev. 1,ATCM 16,CEP 7a,"Antarctic Climate Change and the Environment: A Decadal Synopsis. Research Imperatives
",SCAR,,,,,,,,,,,,,,,,,,,,,,,,X,X,X,X,
ATCM XLIV - CEP XXIV (2022),WP032,CEP 9a,,Revision of the Management Plan for Antarctic Specially Protected Area No 127 “Haswell Island” (Haswell Island and the adjacent fast ice field with a colony of emperor penguins),Russian Federation,,,,,,,,,,,,,,,,,,,,,,,,X,X,X,X,"ASPA 127 Revised Management Plan
"
ATCM XLIV - CEP XXIV (2022),WP033,ATCM 6b,CEP 8b,Report on Effectiveness of Environmental Impact Assessment in Antarctica ,United Kingdom,Netherlands,,,,,,,,,,,,,,,,,,,,,,,X,X,X,X,"Environmental Impact Assessment in Antarctica - An assessment of effectiveness
"
ATCM XLIV - CEP XXIV (2022),WP034,CEP 10b,,Report of the CEP Intersessional Contact Group established to develop a Specially Protected Species Action Plan for the emperor penguin,United Kingdom,,,,,,,,,,,,,,,,,,,,,,,,X,X,X,X,"Specially Protected Species Action Plan
"
ATCM XLIV - CEP XXIV (2022),WP035,CEP 10b,,"Proposal for Development of a Targeted Research and Monitoring Plan for the Emperor Penguins

",China,,,,,,,,,,,,,,,,,,,,,,,,X,X,X,X,"Population of emperor penguins in ASPAs
"
ATCM XLIV - CEP XXIV (2022),WP036,ATCM 17,,Report of the Intersessional Contact Group on Permanent Facilities for Tourism and other Non-Governmental Activities in Antarctica,Netherlands,,,,,,,,,,,,,,,,,,,,,,,,X,X,X,X,
ATCM XLIV - CEP XXIV (2022),WP037,CEP 7b,,Report of the CEP Subsidiary Group on Climate Change Response (SGCCR) 2021-2022,United Kingdom,,,,,,,,,,,,,,,,,,,,,,,,X,X,X,X,"Appendix A. Committee for Environmental Protection Climate Change Response Work Programme
Appendix B. Review of the implementation of Actions within the CCRWP
"
ATCM XLIV - CEP XXIV (2022),WP038,CEP 9a,,"Prior assessment of a proposed Antarctic Specially Protected Area on Farrier Col, Horseshoe Island, Marguerite Bay",Belgium,Türkiye,United Kingdom,,,,,,,,,,,,,,,,,,,,,,X,X,X,X,"Prior assessment template for a proposed ASPA on Farrier Col, Horseshoe Island, Marguerite Bay
"
ATCM XLIV - CEP XXIV (2022),WP039,CEP 8b,,Mapping coastline sensitivity to oil pollution in the Antarctic Peninsula region,United Kingdom,,,,,,,,,,,,,,,,,,,,,,,,X,X,X,X,"Report: Mapping site sensitivity to pollution incidents within the Antarctic Peninsula region.
"
ATCM XLIV - CEP XXIV (2022),WP040,CEP 9a,,"Revision of the Management Plan for Antarctic Specially Protected Area (ASPA) No. 109 Moe Island, South Orkney Islands",United Kingdom,,,,,,,,,,,,,,,,,,,,,,,,X,X,X,X,"ASPA 109 Revised Management Plan
"
ATCM XLIV - CEP XXIV (2022),WP041,CEP 9a,,"Revision of the Management Plan for Antarctic Specially Protected Area (ASPA) No. 110 Lynch Island, South Orkney Islands",United Kingdom,,,,,,,,,,,,,,,,,,,,,,,,X,X,X,X,"ASPA 110 Revised Management Plan
"
ATCM XLIV - CEP XXIV (2022),WP042,CEP 9a,,"Revision of the Management Plan for Antarctic Specially Protected Area (ASPA) No. 111 Southern Powell Island and adjacent islands, South Orkney Islands",United Kingdom,,,,,,,,,,,,,,,,,,,,,,,,X,X,X,X,"ASPA 111 Revised Management Plan
"
ATCM XLIV - CEP XXIV (2022),WP043,CEP 9a,,"Revision of the Management Plan for Antarctic Specially Protected Area (ASPA) No. 115 Lagotellerie Island, Marguerite Bay, Graham Land",United Kingdom,,,,,,,,,,,,,,,,,,,,,,,,X,X,X,X,"ASPA 115 Revised Management Plan
"
ATCM XLIV - CEP XXIV (2022),WP044,CEP 9a,,"Revised Management Plan for Antarctic Specially Protected Area No. 126 Byers Peninsula, Livingston Island, South Shetland Islands",United Kingdom,Chile,Spain,,,,,,,,,,,,,,,,,,,,,,X,X,X,X,"ASPA 126 Revised Management Plan
"
ATCM XLIV - CEP XXIV (2022),WP045,CEP 9a,,"Revision of the Management Plan for Antarctic Specially Protected Area (ASPA) No. 129 Rothera Point, Adelaide Island",United Kingdom,,,,,,,,,,,,,,,,,,,,,,,,X,X,X,X,"ASPA 129 Revised Management Plan
"
ATCM XLIV - CEP XXIV (2022),WP046,CEP 9a,,"Revision of the Management Plan for Antarctic Specially Protected Area (ASPA) No. 140 Parts of Deception Island, South Shetland Islands",United Kingdom,Spain,,,,,,,,,,,,,,,,,,,,,,,X,X,X,X,"ASPA 140 Revised Management Plan
"
ATCM XLIV - CEP XXIV (2022),WP047,CEP 9b,,Discovery of the wreck of Endurance - Updating information for HSM 93 and Development of a Management Plan,United Kingdom,South Africa,,,,,,,,,,,,,,,,,,,,,,,X,X,X,X,
ATCM XLIV - CEP XXIV (2022),WP048,ATCM 16,CEP 7b,The Implementation of the Climate Change Response Working Programme,China,,,,,,,,,,,,,,,,,,,,,,,,X,X,X,X,"Annex. draft CCRWP 2016 using the 2019 format
"
ATCM XLIV - CEP XXIV (2022),WP049,CEP 9c,,"Revised Visitor Site Guidelines for Site No. 22 Wordie House, Winter Island",Ukraine,United Kingdom,,,,,,,,,,,,,,,,,,,,,,,X,X,X,X,"List of Sites subject to Site Guidelines
Revised Visitor Site Guide for Wordie House
"
ATCM XLIV - CEP XXIV (2022),WP050,ATCM 6b,,"Continuing Discussion on Relevant Issues, Trends and Challenges to the Antarctic Treaty System 
",Russian Federation,,,,,,,,,,,,,,,,,,,,,,,,X,X,X,X,
ATCM XLIV - CEP XXIV (2022),WP051,ATCM 17,,Report of the Informal Discussion on Post-Visit Reports,Argentina,,,,,,,,,,,,,,,,,,,,,,,,X,X,X,X,"Information exchange requirements
Proposed modifications to the PVR form and EIES
PVR form (Revision)
"
ATCM XLIV - CEP XXIV (2022),WP052,CEP 9b,,Proposal for Modifications to the Location Coordinates of Nine Historic Sites and Monuments,Argentina,,,,,,,,,,,,,,,,,,,,,,,,X,X,X,X,
ATCM XLIV - CEP XXIV (2022),WP053,CEP 9a,,"Revision of the Management Plan for Antarctic Specially Protected Area (ASPA) No. 133, Harmony Point, Nelson Island, South Shetland Islands",Argentina,Chile,,,,,,,,,,,,,,,,,,,,,,,X,X,X,X,"ASPA 133 Revised Management Plan
"
ATCM XLIII - CEP XXIII (2021),WP001,CEP 9b,,Proposal for Inclusion of the San Telmo Wreck in the Antarctic Treaty List of Historic Sites and Monuments,Spain,,,,,,,,,,,,,,,,,,,,,,,,X,X,X,X,
ATCM XLIII - CEP XXIII (2021),WP002 rev. 1,CEP 9a,,"Review of the Management Plans for Antarctic Specially Protected Areas (ASPAs) No. 113 Litchfield Island, Arthur Harbor, Palmer Archipelago, No. 119 Davis Valley and Forlidas Pond, Dufek Massif, and No. 139 Biscoe Point, Palmer Archipelago.",United States,,,,,,,,,,,,,,,,,,,,,,,,X,X,X,X,"ASPA 113  Revised Management Plan
ASPA 113 Map 1
ASPA 113 Map 2
ASPA 119 Map 1
ASPA 119 Map 2
ASPA 119 Revised Management Plan
ASPA 139 Map 1
ASPA 139 Map 2
ASPA 139 Map 3
ASPA 139 Revised Management Plan
"
ATCM XLIII - CEP XXIII (2021),WP003,CEP 9a,,"Revised Management Plan for Antarctic Specially Protected Area No. 121 Cape Royds, Ross Island
",United States,,,,,,,,,,,,,,,,,,,,,,,,X,X,X,X,"ASPA 121 Map 1
ASPA 121 Map 2
ASPA 121 Map 3
ASPA 121 Revised Management Plan
"
ATCM XLIII - CEP XXIII (2021),WP004,CEP 9a,,"Revised Management Plan for Antarctic Specially Protected Area No. 124 Cape Crozier, Ross Island
",United States,,,,,,,,,,,,,,,,,,,,,,,,X,X,X,X,"ASPA 124 Map 1
ASPA 124 Map 2
ASPA 124 Revised Management Plan
"
ATCM XLIII - CEP XXIII (2021),WP005,CEP 9e,,Suggested guidelines for the de-designation of Antarctic Specially Protected Areas (ASPA),United States,United Kingdom,New Zealand,China,Australia,Norway,,,,,,,,,,,,,,,,,,,X,X,X,X,
ATCM XLIII - CEP XXIII (2021),WP006,CEP 9a,,"Revised Management Plan for Antarctic Specially Protected Area No. 106 Cape Hallett, Northern Victoria Land, Ross Sea
",United States,,,,,,,,,,,,,,,,,,,,,,,,X,X,X,X,"ASPA 106 Map 1
ASPA 106 Map 2
ASPA 106 Map 3
ASPA 106 Map 4
ASPA 106 Map 5
ASPA 106 Revised Management Plan
"
ATCM XLIII - CEP XXIII (2021),WP007,CEP 9c,,"Revised Visitor Site Guidelines for Site No. 28 Seabee Hook, Cape Hallett, Northern Victoria Land, Ross Sea",United States,,,,,,,,,,,,,,,,,,,,,,,,X,X,X,X,"Visitor Site Guide: Seabee Hook, Cape Hallett
"
ATCM XLIII - CEP XXIII (2021),WP008,ATCM 13,,"Preliminary COMNAP advice in regards to ATCM review of Resolution 1 (2013)
",COMNAP,,,,,,,,,,,,,,,,,,,,,,,,X,X,X,X,
ATCM XLIII - CEP XXIII (2021),WP009 rev. 1,CEP 9a,,"Review of Management Plan for Antarctic Specially Protected Area (ASPA) No 163: Dakshin Gangotri Glacier, Dronning Maud Land",India,,,,,,,,,,,,,,,,,,,,,,,,X,X,X,X,"ASPA 163 Figure 1
ASPA 163 Figure 2
ASPA 163 Map 1
ASPA 163 Map 2
ASPA 163 Map 3
ASPA 163 Map 4
ASPA 163 Map 5
ASPA 163 Revised Management Plan
"
ATCM XLIII - CEP XXIII (2021),WP010,CEP 8a,,Report of the intersessional open-ended contact group (ICG) to Review the Draft Comprehensive Environmental Evaluation prepared by New Zealand for ‘Scott Base Redevelopment’,Spain,,,,,,,,,,,,,,,,,,,,,,,,X,X,X,X,
ATCM XLIII - CEP XXIII (2021),WP011,CEP 9c,,Report from the Intersessional Contact Group (ICG) on strengthening the existing guidance for visitors to Antarctica – Proposal to adopt updated General Guidelines for Visitors to the Antarctic,Germany,,,,,,,,,,,,,,,,,,,,,,,,X,X,X,X,"Updated General Guidelines for Visitors to the Antarctic
"
ATCM XLIII - CEP XXIII (2021),WP012,CEP 8a,,"Report of the intersessional open-ended contact group (ICG) to Review the Draft Comprehensive Environmental Evaluation prepared by Turkey for ‘Construction and Operation of Turkish Antarctic Research Station (TARS) at Horseshoe Island, Antarctica’",Australia,,,,,,,,,,,,,,,,,,,,,,,,X,X,X,X,
ATCM XLIII - CEP XXIII (2021),WP013,CEP 9b,,"Assessment and management of pre-1958 historic remains at Camp Lake, Vestfold Hills, East Antarctica",Australia,,,,,,,,,,,,,,,,,,,,,,,,X,X,X,X,
ATCM XLIII - CEP XXIII (2021),WP014,CEP 7b,,Report of the Subsidiary Group on Climate Change Response (SGCCR) 2019-2021,United Kingdom,,,,,,,,,,,,,,,,,,,,,,,,X,X,X,X,"Attachment A Draft CCRWP
Attachment B Draft science needs
Attachment C Process for requesting science information
Attachment D Current CCRWP presentation
Attachment E Updated CCRWP presentation
Attachment F SGCCR work plan
"
ATCM XLIII - CEP XXIII (2021),WP015,ATCM 11,,Fourth report of the Intersessional Contact Group on Education and Outreach,United Kingdom,Spain,Portugal,Chile,Brazil,Belgium,Bulgaria,,,,,,,,,,,,,,,,,,X,X,X,X,
ATCM XLIII - CEP XXIII (2021),WP016,ATCM 9,,Antarctic Bioprospecting: SCAR Survey of Member Countries,SCAR,,,,,,,,,,,,,,,,,,,,,,,,X,X,X,X,
ATCM XLIII - CEP XXIII (2021),WP017,ATCM 16,CEP 7a,Antarctic and Southern Ocean Climate Change in a Global Context,SCAR,,,,,,,,,,,,,,,,,,,,,,,,X,X,X,X,
ATCM XLIII - CEP XXIII (2021),WP018,CEP 8a,,"Draft Comprehensive Environmental Evaluation (CEE) for the Construction and Operation of the Turkish Antarctic Research Station (TARS) at Horseshoe Island, Antarctica",Türkiye,,,,,,,,,,,,,,,,,,,,,,,,X,X,X,X,"Non-technical summary
"
ATCM XLIII - CEP XXIII (2021),WP019,CEP 11,,Antarctic Environments Portal,SCAR,,,,,,,,,,,,,,,,,,,,,,,,X,X,X,X,"Portal Content Management Plan
"
ATCM XLIII - CEP XXIII (2021),WP020,CEP 9a,,"Revision of the Management Plan for Antarctic Specially Protected Area (ASPA) 104: Sabrina Island, Balleny Islands",New Zealand,,,,,,,,,,,,,,,,,,,,,,,,X,X,X,X,"ASPA 104 Revised Management Plan
"
ATCM XLIII - CEP XXIII (2021),WP021,CEP 9d,,Report on informal discussions on marine protection measures,New Zealand,,,,,,,,,,,,,,,,,,,,,,,,X,X,X,X,
ATCM XLIII - CEP XXIII (2021),WP022,CEP 9a,,"Revision of the Management Plan for Antarctic Specially Protected Area 105: Beaufort Island, McMurdo Sound, Ross Sea",New Zealand,,,,,,,,,,,,,,,,,,,,,,,,X,X,X,X,"ASPA 105 Map 1
ASPA 105 Map 2
ASPA 105 Map 3
ASPA 105 Revised Management Plan
"
ATCM XLIII - CEP XXIII (2021),WP023 rev. 1,CEP 9a,,"Review of the Management Plan for Antarctic Specially Protected Area (ASPA) No. 155 Cape Evans, Ross Island",New Zealand,,,,,,,,,,,,,,,,,,,,,,,,X,X,X,X,"ASPA 155 Map 1
ASPA 155 Map 2
ASPA 155 Revised Management Plan
"
ATCM XLIII - CEP XXIII (2021),WP024 rev. 1,CEP 9a,,"Review of the Management Plan for Antarctic Specially Protected Area (ASPA) No.157 Backdoor Bay, Cape Royds, Ross Island
",New Zealand,,,,,,,,,,,,,,,,,,,,,,,,X,X,X,X,"ASPA 157 Map 1
ASPA 157 Map 2
ASPA 157 Map 3
ASPA 157 Revised Management Plan
"
ATCM XLIII - CEP XXIII (2021),WP025 rev. 1,CEP 9a,,"Review of the Management Plan for Antarctic Specially Protected Area (ASPA) No. 158 Hut Point, Ross Island",New Zealand,,,,,,,,,,,,,,,,,,,,,,,,X,X,X,X,"ASPA 158 Map 1
ASPA 158 Revised Management Plan
"
ATCM XLIII - CEP XXIII (2021),WP026 rev. 1,CEP 9a,,"Review of the Management Plan for Antarctic Specially Protected Area (ASPA) No. 159 Cape Adare, Borchgrevink Coast",New Zealand,,,,,,,,,,,,,,,,,,,,,,,,X,X,X,X,"ASPA 159 Map 1
ASPA 159 Map 2
ASPA 159 Revised Management Plan
"
ATCM XLIII - CEP XXIII (2021),WP027,CEP 7a,,Sustainable Antarctic station design: Reducing contributions to climate change,New Zealand,United Kingdom,,,,,,,,,,,,,,,,,,,,,,,X,X,X,X,
ATCM XLIII - CEP XXIII (2021),WP028,CEP 9a,,"Revision of the Management Plan for Antarctic Specially Protected Area (ASPA) No.103 Ardery Island and Odbert Island, Budd Coast, Wilkes Land, East Antarctica",Australia,,,,,,,,,,,,,,,,,,,,,,,,X,X,X,X,"ASPA 103 Map A
ASPA 103 Map B
ASPA 103 Map C
ASPA 103 Map D
ASPA 103 Revised Management Plan
"
ATCM XLIII - CEP XXIII (2021),WP029,CEP 9a,,"Revision of the Management Plan for Antarctic Specially Protected Area (ASPA) No. 102 Rookery Islands, Holme Bay, Mac.Robertson Land",Australia,,,,,,,,,,,,,,,,,,,,,,,,X,X,X,X,"ASPA 102 Map A
ASPA 102 Map B
ASPA 102 Map C
ASPA 102 Revised Management Plan
"
ATCM XLIII - CEP XXIII (2021),WP030,CEP 9a,,"Revision of the Management Plan for Antarctic Specially Protected Area (ASPA) No. 167 Hawker Island, Princess Elizabeth Land",Australia,,,,,,,,,,,,,,,,,,,,,,,,X,X,X,X,"ASPA 167 Map A
ASPA 167 Map B
ASPA 167 Revised Management Plan
"
ATCM XLIII - CEP XXIII (2021),WP031,CEP 9a,,"Review of the Management Plans for Antarctic Specially Managed Area (ASMA) No. 6 Larsemann Hills and Antarctic Specially Protected Area (ASPA) No. 174 Stornes, East Antarctica
",Australia,China,India,Russian Federation,,,,,,,,,,,,,,,,,,,,,X,X,X,X,"ASMA 6 Map A
ASMA 6 Map B
ASMA 6 Map C
ASMA 6 Map D
ASMA 6 Map E
ASMA 6 Map F
ASMA 6 Revised Management Plan
"
ATCM XLIII - CEP XXIII (2021),WP032,ATCM 16,,Antarctica in a Changing Climate,United Kingdom,Australia,Belgium,Finland,France,Germany,Netherlands,New Zealand,Norway,Spain,Sweden,United States,,,,,,,,,,,,,X,X,X,X,
ATCM XLIII - CEP XXIII (2021),WP033,CEP 8b,,SCAR Environmental Code of Conduct for Geosciences Field Research Activities in Antarctica,SCAR,,,,,,,,,,,,,,,,,,,,,,,,X,X,X,X,"SCAR Environmental Code of Conduct for Geosciences Field Research Activities in Antarctica
"
ATCM XLIII - CEP XXIII (2021),WP034,CEP 9e,,Systematic identification of globally important geological sites in Antarctica,SCAR,,,,,,,,,,,,,,,,,,,,,,,,X,X,X,X,"Method for the systematic identification of globally important geological sites in Antarctica
"
ATCM XLIII - CEP XXIII (2021),WP035,ATCM 17,,Permanent facilities for tourism and other non-governmental activities in Antarctica,Netherlands,,,,,,,,,,,,,,,,,,,,,,,,X,X,X,X,
ATCM XLIII - CEP XXIII (2021),WP036,ATCM 16,CEP 7a,Ocean Acidification in the Southern Ocean,SCAR,,,,,,,,,,,,,,,,,,,,,,,,X,X,X,X,
ATCM XLIII - CEP XXIII (2021),WP037,CEP 10b,,Projections of future population decline emphasise the need to designate the emperor penguin as an Antarctic Specially Protected Species,SCAR,,,,,,,,,,,,,,,,,,,,,,,,X,X,X,X,
ATCM XLIII - CEP XXIII (2021),WP038,ATCM 10,,Updating requirements for Information Exchange on national expeditions ,United States,Italy,,,,,,,,,,,,,,,,,,,,,,,X,X,X,X,"Proposed Changes to Decision 7 (2019) Annex Information exchange requirements
"
ATCM XLIII - CEP XXIII (2021),WP039 rev. 1,CEP 9a,,"Revised Management Plan for Antarctic Specially Protected Area No. 145 Port Foster, Deception Island, South Shetland Islands",Chile,Spain,,,,,,,,,,,,,,,,,,,,,,,X,X,X,X,"ASPA 145 Revised Management Plan
"
ATCM XLIII - CEP XXIII (2021),WP040,CEP 9a,,"Revision of the Management Plan for Antarctic Specially Protected Area (ASPA) No. 148, Mount Flora, Hope Bay, Antarctic Peninsula  ",United Kingdom,Argentina,,,,,,,,,,,,,,,,,,,,,,,X,X,X,X,"ASPA 148 Revised Management Plan
"
ATCM XLIII - CEP XXIII (2021),WP041,ATCM 17,,Report from the Intersessional Contact Group (ICG) on a voluntary on-board observer operational framework for tourist vessels operating within the Antarctic Treaty area,France,Argentina,,,,,,,,,,,,,,,,,,,,,,,X,X,X,X,"Monitoring Checklist - Voluntary on-board observer framework for tourist vessels
Voluntary on-board observer framework for tourist vessels operating within the Antarctic Treaty Area
Voluntary on-board Observer operational framework for vessel-based tourism in the Antarctic Treaty area
(2021)
"
ATCM XLIII - CEP XXIII (2021),WP042,ATCM 13,,Eclipse in the Antarctic Peninsula,Argentina,Chile,,,,,,,,,,,,,,,,,,,,,,,X,X,X,X,
ATCM XLIII - CEP XXIII (2021),WP043,CEP 9e,,"Important Bird Areas and Antarctic Specially Protected Areas: Toward the development of selection criteria
",Australia,Germany,New Zealand,Norway,Spain,United Kingdom,United States,,,,,,,,,,,,,,,,,,X,X,X,X,
ATCM XLIII - CEP XXIII (2021),WP044,CEP 9c,,Antarctic Treaty Visitor Site Guides for important historic sites in the Ross Sea region,New Zealand,United States,,,,,,,,,,,,,,,,,,,,,,,X,X,X,X,"Visitor Site Guide: Cape Adare
Visitor Site Guide: Cape Evans
Visitor Site Guide: Cape Royds
Visitor Site Guide: Hut Point
"
ATCM XLIII - CEP XXIII (2021),WP045,CEP 9a,,"Revision of the Management Plan for Antarctic Specially Protected Area (ASPA) 131: Canada Glacier, Lake Fryxell, Taylor Valley, Victoria Land",New Zealand,,,,,,,,,,,,,,,,,,,,,,,,X,X,X,X,"ASPA 131 Map 1
ASPA 131 Map 2
ASPA 131 Map 3
ASPA 131 Revised Management Plan
"
ATCM XLIII - CEP XXIII (2021),WP046,CEP 8a,,Draft Comprehensive Environmental Evaluation (CEE) for the Proposed Scott Base Redevelopment,New Zealand,,,,,,,,,,,,,,,,,,,,,,,,X,X,X,X,"Presentation on the Draft Comprehensive Environmental Evaluation (CEE) for the Proposed Scott Base Redevelopment  (Powerpoint presentation 34 Mb)
"
ATCM XLIII - CEP XXIII (2021),WP047,CEP 10a,,SARS-CoV-2 in Antarctic Species by way of Reverse Zoonosis,COMNAP,,,,,,,,,,,,,,,,,,,,,,,,X,X,X,X,
ATCM XLIII - CEP XXIII (2021),WP048,ATCM 17,,Report of the Informal Discussion on the Elaboration of a Manual of Regulations and Guidelines Relevant to Tourism and Non-Governmental Activities in the Antarctic Treaty area,France,Argentina,United States,,,,,,,,,,,,,,,,,,,,,,X,X,X,X,"Manual of Regulations and Guidelines Relevant to Tourism and NGO Activities (Ready to print format)
Manual of Regulations and Guidelines Relevant to Tourism and NGO Activities (Synoptic format)
Tourism Operators leaflet
"
ATCM XLIII - CEP XXIII (2021),WP049,ATCM 11,,Review of information related to Education & Outreach available through the Antarctic Treaty Secretariat webpage,Spain,Bulgaria,Belgium,Brazil,Chile,Portugal,United Kingdom,,,,,,,,,,,,,,,,,,X,X,X,X,
ATCM XLIII - CEP XXIII (2021),WP050,CEP 9a,,"Revision of the Management Plan for Antarctic Specially Protected Area (ASPA) No. 101 Taylor Rookery, Mac.Robertson Land",Australia,,,,,,,,,,,,,,,,,,,,,,,,X,X,X,X,"ASPA 101 Map A
ASPA 101 Map B
ASPA 101 Map C
ASPA 101 Map D
ASPA 101 Revised Management Plan
"
ATCM XLIII - CEP XXIII (2021),WP051,CEP 9a,,"Management Plan for ASPA No. 166, Port-Martin, Adélie Land. Proposal to extend the existing plan
",France,,,,,,,,,,,,,,,,,,,,,,,,X,X,X,X,
ATCM XLIII - CEP XXIII (2021),WP052,CEP 10c,,The Retrospective Analysis of Antarctic Tracking Data (RAATD): Areas of Ecological Significance in the Antarctic marine environment ,France,Australia,Belgium,Germany,United Kingdom,United States,South Africa,,,,,,,,,,,,,,,,,,X,X,X,X,
ATCM XLIII - CEP XXIII (2021),WP053,CEP 10c,,Important Marine Mammals Areas (IMMAs),France,United Kingdom,Chile,Germany,Monaco,South Africa,,,,,,,,,,,,,,,,,,,X,X,X,X,
ATCM XLIII - CEP XXIII (2021),WP054,CEP 9a,,Revision of the Management Plan for Antarctic Specially Protected Area (ASPA) No. 120 – Pointe Géologie,France,,,,,,,,,,,,,,,,,,,,,,,,X,X,X,X,"ASPA 120 Revised Management Plan
"
ATCM XLIII - CEP XXIII (2021),WP055,ATCM 6b,,"Report of the Informal Discussions on Relevant Issues, Trends and Challenges to the Antarctic Treaty System ",Russian Federation,,,,,,,,,,,,,,,,,,,,,,,,X,X,X,X,
ATCM XLIII - CEP XXIII (2021),WP056,CEP 9c,,"Proposed Visitor Site Guidelines for Argentine Islands, Wilhelm Archipelago",Ukraine,,,,,,,,,,,,,,,,,,,,,,,,X,X,X,X,"Visitor Site Guide: Argentine Islands
"
ATCM XLIII - CEP XXIII (2021),WP057,ATCM 15a,CEP 9d,Proposal to Enhance Cooperation in the Research and Monitoring on the Population Dynamics of Penguins in the Ross Sea Region,China,,,,,,,,,,,,,,,,,,,,,,,,X,X,X,X,"Population Dynamics of Emperor Penguins and Adelie Penguins in the Ross Sea Region
"
ATCM XLIII - CEP XXIII (2021),WP058,CEP 9e,,Promoting Scientific Research to Inform the Antarctic Decision-Making,China,,,,,,,,,,,,,,,,,,,,,,,,X,X,X,X,"The Excerpt of 2019 CEP Five-Year Plan
"
ATCM XLIII - CEP XXIII (2021),WP059 rev. 1,ATCM 7,,Proposal for a disciplinary regime and modifications to ATS Staff Regulations,Argentina,,,,,,,,,,,,,,,,,,,,,,,,X,X,X,X,
ATCM XLIII - CEP XXIII (2021),WP060 rev. 1,CEP 9b,,Reformatting of the list of Historic Sites and Monuments in line with Decision 1 (2019),Argentina,Norway,United Kingdom,,,,,,,,,,,,,,,,,,,,,,X,X,X,X,"List of Historic Sites and Monuments
Revised Guide to the presentation of Working Papers containing proposals for Antarctic Specially Protected Areas, Antarctic Specially Managed Areas or Historic Sites and Monuments
"
ATCM XLIII - CEP XXIII (2021),WP061,ATCM 17,,Report of the Intersessional Contact Group (ICG) on Post-Visit Reports                                                                                                               ,Argentina,,,,,,,,,,,,,,,,,,,,,,,,X,X,X,X,"Post-Visit Report Form
Post-Visit Reports Instructions (review)
"
ATCM XLIII - CEP XXIII (2021),WP062,CEP 9a,,Subsidiary Group on Management Plans Report of activities during the intersessional period 2019-2021,Argentina,,,,,,,,,,,,,,,,,,,,,,,,X,X,X,X,"ASPA XXX Inexpressible Island and Seaview Bay Management Plan
ASPA XXX Leonie Islands Management Plan
ASPA XXX Rosenthal Islands Map 1
ASPA XXX Rosenthal Islands Map 2
ASPA XXX Rosenthal islands Map 3
ASPA XXX Rosenthal Islands, Anvers Island, Palmer Archipelago Management Plan
"
ATCM XLIII - CEP XXIII (2021),WP063,ATCM 6b,,COVID-19 and Antarctica,New Zealand,Argentina,Australia,Chile,Norway,United Kingdom,SCAR,,,,,,,,,,,,,,,,,,X,X,X,X,
ATCM XLIII - CEP XXIII (2021),WP064,CEP 9a,,"Review of the Management Plan for the Antarctic Specially Protected Area (ASPA) No 134, Cierva Point and Offshore Islands, Danco Coast, Antarctic Peninsula",Argentina,,,,,,,,,,,,,,,,,,,,,,,,X,X,X,X,"ASPA 134  Revised Management Plan
"
ATCM XLIII - CEP XXIII (2021),WP065,ATCM 13,,Earthquake Emergency Management System,Chile,,,,,,,,,,,,,,,,,,,,,,,,X,X,X,X,
